ISIN CODE,NAME 1,NAME 2,No,Country of Domicile
ID1000066004,ASTRA AGRO LESTARI ,ASTRA AGRO LESTARI ,1,INDONESIA
ID1000125503,ASPIRASI HIDUP ,ASPIRASI HIDUP INDONESIA ,2,INDONESIA
ID1000111305,ALAMTRI RESOURCES ,ADARO ENERGY INDONESIA ,3,INDONESIA
ID1000106701,AKR CORPORINDO ,AKR CORPORINDO ,4,INDONESIA
ID1000122807,ASTRA INTERNATIONAL ,ASTRA INTERNATIONAL ,5,INDONESIA
ID1000106602,ANEKA TAMBANG TBK PT ,ANEKA TAMBANG ,6,INDONESIA
ID1000085707,BARITO PACIFIC ,BARITO PACIFIC ,7,INDONESIA
ID1000109507,BANK CENTRAL ASIA ,BANK CENTRAL ASIA ,8,INDONESIA
ID1000094204,BANK DANAMON INDO ,BANK DANAMON INDONESIA SERIES A ,9,INDONESIA
ID1000095003,BANK MANDIRI ,BANK MANDIRI ,10,INDONESIA
ID1000068703,BUMI RESOURCES ,BUMI RESOURCES ,11,INDONESIA
ID1000096605,BANK NEGARA ,BANK NEGARA INDONESIA ,12,INDONESIA
ID1000118201,BANK RAKYAT INDO ,BANK RAKYAT INDONESIA ,13,INDONESIA
ID1000110802,BUMI SERPONG DAMAI ,BUMI SERPONG DAMAI ,14,INDONESIA
ID1000113707,BANK TABUNGAN` ,BANK TABUNGAN NEGARA ,15,INDONESIA
ID1000105604,GLOBAL ME ,GLOBAL MEDIACOM ,16,INDONESIA
ID1000116700,INDOFOOD CBP SUKSES ,INDOFOOD CBP SUKSES MKM. ,17,INDONESIA
ID1000106800,SEMEN INDONESIA ,SEMEN INDONESIA (PERSERO) ,18,INDONESIA
ID1000068604,GUDANG GARAM TBK ,GUDANG GARAM ,19,INDONESIA
ID1000097405,INDOSAT TBK PT ,INDOSAT ,20,INDONESIA
ID1000109309,PT VALE IND ,VALE INDONESIA ,21,INDONESIA
ID1000057003,INDOFOOD SUKSES ,INDOFOOD SUKSES MAKMUR ,22,INDONESIA
ID1000062201,INDAH KIAT PULP ,INDAH KIAT PULP & PAPER ,23,INDONESIA
ID1000074008,HANJAYA ,HM SAMPOERNA ,24,INDONESIA
ID1000061302,INDOCEMENT TUNG ,ICT.TUNGGAL PRAKARSA ,25,INDONESIA
ID1000108509,INDO TAMBANGRAYA ,INDO TAMBANGRAYA MEGAH ,26,INDONESIA
ID1000060403,PABRIK KERTAS TJIWI ,PABRIK KERTAS TJIWIKIMIA ,27,INDONESIA
ID1000108103,JASA MARGA (PERSERO) ,JASA MARGA ,28,INDONESIA
ID1000125107,KALBE FARMA TBK PT ,KALBE FARMA ,29,INDONESIA
ID1000113301,MATAHARI DEPARTMENT ,MATAHARI DEPARTMENT STORE ,30,INDONESIA
ID1000106206,MEDIA NUSAN ,MEDIA NUSNT.CITRA ,31,INDONESIA
ID1000111602,PERUSAHAAN GAS ,PERUSAHAAN GAS NEGARA ,32,INDONESIA
ID1000122500,PAKUWON JATI ,PAKUWON JATI ,33,INDONESIA
ID1000108905,LIPPO KARAWA ,LIPPO KARAWACI ,34,INDONESIA
ID1000117708,CHAROEN POKPHAND ,CHAROEN POKPHAND INDO. ,35,INDONESIA
ID1000129000,TELKOM ,TELEKOMUNIKASI INDONESIA ,36,INDONESIA
ID1000125305,SURYA CITRA MEDIA ,SURYA CITRA MEDIA ,37,INDONESIA
ID1000128804,SARANA MENARA ,SARANA MENARA NUSANTARA ,38,INDONESIA
ID1000092406,SUMMARECON AGUNG ,SUMMARECON AGUNG ,39,INDONESIA
ID1000094006,BUKIT ASAM ,BUKIT ASAM ,40,INDONESIA
ID1000116908,TOWER BERSAMA ,TOWER BERSAMA INFR. ,41,INDONESIA
ID1000095706,UNILEVER IND ,UNILEVER INDONESIA ,42,INDONESIA
ID1000058407,UNITED TRACTORS ,UNITED TRACTORS ,43,INDONESIA
ID1000126105,WASKITA KARYA ,WASKITA KARYA (PERSERO) ,44,INDONESIA
ID1000102502,PT XL AXIATA TBK ,XLSMART TELECOM ,45,INDONESIA
JP3122400009,ADVANTEST CORP ,ADVANTEST ,46,JAPAN
JP3726800000,JAPAN TOBACCO INC. ,JAPAN TOBACCO ,47,JAPAN
JP3111200006,ASAHI KASEI ,ASAHI KASEI ,48,JAPAN
JP3108060009,ACCESS CO ,ACCESS ,49,JAPAN
JP3108600002,ACOM CO LTD ,ACOM ,50,JAPAN
JP3131430005,"AEON MALL CO., LTD. ",AEON MALL ,51,JAPAN
JP3131400008,AEON FINANCIAL ,AEON FINANCIAL SERVICE ,52,JAPAN
JP3112000009,AGC INC ,AGC ,53,JAPAN
JP3105040004,AIFUL CORP ,AIFUL ,54,JAPAN
JP3119600009,AJINOMOTO CO INC ,AJINOMOTO ,55,JAPAN
JP3117700009,MEBUKI FINANCIAL ,MEBUKI FINANCIAL GROUP ,56,JAPAN
JP3126400005,ALPS ALPINE ,ALPS ALPINE ,57,JAPAN
JP3126340003,ALFRESA HOLDINGS ,ALFRESA HOLDINGS ,58,JAPAN
JP3122800000,AMADA CO LTD ,AMADA ,59,JAPAN
JP3429800000,ANA HOLDINGS INC ,ANA HOLDINGS ,60,JAPAN
JP3106200003,AOYAMA TRADING CO ,AOYAMA TRADING ,61,JAPAN
JP3711200000,AOZORA BANK LTD ,AOZORA BANK ,62,JAPAN
JP3768600003,HASEKO CORP ,HASEKO ,63,JAPAN
JP3110650003,ASAHI INTECC CO ,ASAHI INTECC ,64,JAPAN
JP3116000005,ASAHI GROUP ,ASAHI GROUP HOLDINGS ,65,JAPAN
JP3389900006,JAFCO GROUP CO LTD ,JAFCO GROUP ,66,JAPAN
JP3172500005,AUTOBACS SEVEN CO ,AUTOBACS SEVEN ,67,JAPAN
JP3659200004,NISHIMATSU CONST. CO ,NISHIMATSU CON. ,68,JAPAN
JP3937200008,AZBIL CORP ,AZBIL ,69,JAPAN
JP3830000000,BROTHER INDUSTRIES ,BROTHER INDUSTRIES ,70,JAPAN
JP3676800000,NISSHIN SEIFUN ,NISSHIN SEIFUN ,71,JAPAN
JP3161200005,EZAKI GLICO CO LTD ,EZAKI GLICO ,72,JAPAN
JP3830800003,BRIDGESTONE CORP ,BRIDGESTONE ,73,JAPAN
JP3289800009,"KOBE STEEL, LTD. ",KOBE STEEL ,74,JAPAN
JP3935600001,YAMAZAKI BAKING CO. ,YAMAZAKI BAKING ,75,JAPAN
JP3220580009,CALBEE ,CALBEE ,76,JAPAN
JP3218900003,CAPCOM CO LTD ,CAPCOM ,77,JAPAN
JP3209000003,CASIO COMPUTER CO ,CASIO COMPUTER ,78,JAPAN
JP3424950008,TOKYO CENTURY CORP ,TOKYO CENTURY ,79,JAPAN
JP3511800009,"CHIBA BANK, LTD. ",CHIBA BANK ,80,JAPAN
JP3305530002,COMSYS HOLDINGS CORP ,COMSYS HOLDINGS ,81,JAPAN
JP3409000001,SUMITOMO REALTY/DEV. ,SUMITOMO REAL.&DEV. ,83,JAPAN
JP3526600006,CHUBU ELECTRIC POWER ,CHUBU ELEC.POWER ,84,JAPAN
JP3242800005,CANON INC. ,CANON ,85,JAPAN
JP3992400006,WACOAL HOLDINGS CORP ,WACOAL HDG. ,86,JAPAN
JP3298000005,COSMO ENERGY HOLD ,COSMO ENERGY HOLDINGS ,87,JAPAN
JP3305960001,COLOPL INC ,COLOPL ,88,JAPAN
JP3165700000,NTT DATA GROUP CORP ,NTT DATA GROUP ,89,JAPAN
JP3305990008,CONCORDIA F ,CONCORDIA FINANCIAL GP. ,90,JAPAN
JP3519400000,CHUGAI PHARMAC ,CHUGAI PHARM. ,91,JAPAN
JP3249600002,KYOCERA CORPORATION ,KYOCERA ,92,JAPAN
JP3243600008,CANON MARKETING ,CANON MARKETING JAPAN ,93,JAPAN
JP3298400007,COSMOS PHARMACEUT ,COSMOS PHARM. ,94,JAPAN
JP3522200009,CHUGOKU ELECTRIC ,CHUGOKU ELEC.POWER ,95,JAPAN
JP3352400000,CITIZEN WATCH CO LTD ,CITIZEN WATCH ,96,JAPAN
JP3528600004,CHIYODA CORP ,CHIYODA CORPORATION ,97,JAPAN
JP3311400000,CYBER AGENT INC ,CYBERAGENT ,98,JAPAN
JP3475350009,DAIICHI SANKYO ,DAIICHI SANKYO ,99,JAPAN
JP3481800005,DAIKIN INDUSTRIES ,DAIKIN INDUSTRIES ,100,JAPAN
JP3440400004,DAIO PAPER CORP ,DAIO PAPER ,101,JAPAN
JP3548660004,DCM HOLDINGS ,DCM HOLDINGS ,102,JAPAN
JP3476480003,DAI-ICHI LIFE HOLD,DAI-ICHI LIFE HOLDINGS ,103,JAPAN
JP3500610005,RESONA HOLDINGS INC ,RESONA HOLDINGS ,104,JAPAN
JP3485800001,DAICEL CORP ,DAICEL ,105,JAPAN
JP3496400007,KDDI CORP ,KDDI ,106,JAPAN
JP3551500006,DENSO CORP ,DENSO ,107,JAPAN
JP3548610009,DENA CO LTD ,DENA ,108,JAPAN
JP3551520004,DENTSU GRO ,DENTSU GROUP ,109,JAPAN
JP3497400006,DAIFUKU CO LTD ,DAIFUKU ,110,JAPAN
JP3505000004,DAIWA HOUSE INDUSTRY ,DAIWA HOUSE INDUSTRY ,111,JAPAN
JP3549070005,DIGITAL GARAGE INC ,DIGITAL GARAGE ,112,JAPAN
JP3499800005,MITSUBISHI HC ,MITSUBISHI HC CAPITAL ,113,JAPAN
JP3548600000,DISCO CORPORATION ,DISCO ,114,JAPAN
JP3486800000,DAITO TRUST CONSTR. ,DAITO TST.CONSTRUCTION ,115,JAPAN
JP3491000000,DAIDO STEEL CO LTD ,DAIDO STEEL ,116,JAPAN
JP3638600001,DOWA HOLDINGS CO ,DOWA HDG. ,117,JAPAN
JP3639650005,PAN PACIFIC ,PAN PACIFIC INTERNATIONAL HOLDINGS ,118,JAPAN
JP3493800001,DAI NIPPON PRINTING ,DAI NIPPON PRINTING ,119,JAPAN
JP3495000006,SUMITOMO PHARMA ,SUMITOMO PHARMA ,120,JAPAN
JP3336600006,SUNDRUG CO LTD ,SUNDRUG ,121,JAPAN
JP3502200003,DAIWA SECURITIES ,DAIWA SECURITIES GROUP ,122,JAPAN
JP3802400006,FANUC LTD. ,FANUC ,123,JAPAN
JP3046390005,DAIWA HOUSE REIT ,DAIWA HOUSE REIT INV. ,124,JAPAN
JP3311530004,CYBERDYNE INC ,CYBERDYNE ,125,JAPAN
JP3783600004,EAST JAPAN RAILWAY ,EAST JAPAN RAILWAY ,126,JAPAN
JP3166000004,EBARA CORP ,EBARA ,127,JAPAN
JP3549600009,DENKA CO LTD ,DENKA ,128,JAPAN
JP3164470001,EDION CORP ,EDION ,129,JAPAN
JP3765400001,HOUSE SHOKUHIN ,HOUSE SHOKUHIN GP.HONSHA ,130,JAPAN
JP3297000006,"KOKUYO CO., LTD. ",KOKUYO ,131,JAPAN
JP3419400001,SEKISUI CHEMICAL CO. ,SEKISUI CHEMICAL ,132,JAPAN
JP3560800009,TOKAI CARBON CO. ,TOKAI CARBON ,133,JAPAN
JP3402600005,SUMITOMO METAL MNG. ,SUMITOMO METAL MINING ,134,JAPAN
JP3835620000,BENESSE HOLDING ,BENESSE HOLDINGS ,135,JAPAN
JP3164630000,SQUARE ENIX ,SQUARE ENIX HOLDINGS ,136,JAPAN
JP3494600004,SCREEN HOLDINGS ,SCREEN HOLDINGS ,137,JAPAN
JP3551200003,ELECTRIC POWER DEV ,ELEC.POWER DEV. ,138,JAPAN
JP3493400000,DIC CORPORATION ,DIC ,139,JAPAN
JP3160400002,EISAI CO LTD ,EISAI ,140,JAPAN
JP3118000003,ASICS CORPORATION ,ASICS ,141,JAPAN
JP3820000002,FUJI ELECTRIC ,FUJI ELECTRIC ,142,JAPAN
JP3814800003,SUBARU CORP ,SUBARU ,143,JAPAN
JP3814000000,FUJIFILM HOLDINGS ,FUJIFILM HOLDINGS ,144,JAPAN
JP3818000006,FUJITSU LIMITED ,FUJITSU ,145,JAPAN
JP3827200001,FURUKAWA ELECTRIC CO ,FURUKAWA ELECTRIC ,146,JAPAN
JP3805010000,FUKUOKA FINANCIAL ,FUKUOKA FINANCIAL GP. ,147,JAPAN
JP3816600005,FUJI SOFT INC ,FUJI SOFT ,148,JAPAN
JP3743000006,NH FOODS LTD ,NH FOODS ,149,JAPAN
JP3826800009,"FURUKAWA CO., LTD. ",FURUKAWA ,150,JAPAN
JP3274070006,GREE HOLDINGS ,GREE ,151,JAPAN
JP3811000003,FUJIKURA LTD. ,FUJIKURA ,152,JAPAN
JP3235900002,GUNGHO ONLINE ENTMT ,GUNGHO ONLINE ENTM. ,153,JAPAN
JP3274150006,SHIP HEALTHCARE ,SHIP HEALTHCARE HOLDINGS ,154,JAPAN
JP3742600004,"NHK SPRING CO., LTD. ",NHK SPRING ,155,JAPAN
JP3274400005,GLORY LTD ,GLORY ,156,JAPAN
JP3047510007,GLP TOSHI HOJIN ,GLP ,157,JAPAN
JP3276400003,GUNMA BANK LTD ,GUNMA BANK ,158,JAPAN
JP3385890003,GMO PAYMENT GATEWAY ,GMO PAYMENT GTWY. ,159,JAPAN
JP3452000007,TAIYO YUDEN CO. LTD. ,TAIYO YUDEN ,160,JAPAN
JP3385820000,GS YUASA CORP ,GS YUASA ,161,JAPAN
JP3270000007,KURITA WATER INDS. ,KURITA WATER IND. ,162,JAPAN
JP3275200008,GUNZE LTD ,GUNZE ,163,JAPAN
JP3769000005,HACHIJUNI BANK LTD ,HACHIJUNI BANK ,164,JAPAN
JP3788600009,"HITACHI, LTD. ",HITACHI ,165,JAPAN
JP3766550002,HAKUHODO DY HLDGS ,HAKUHODO DY HDG. ,166,JAPAN
JP3842400008,HOKUHOKU FIN GRP ,HOKUHOKU FINL. GP. ,167,JAPAN
JP3783420007,"HIKARI TSUSHIN, INC. ",HIKARI TSUSHIN ,168,JAPAN
JP3160740001,HIS CO LTD ,HIS ,169,JAPAN
JP3786200000,"HITACHI METALS, LTD. ",HITACHI METALS ,170,JAPAN
JP3774600005,H2O RETAILING CORP ,H2O RETAILING ,171,JAPAN
JP3774200004,HANKYU HANSHIN ,HANKYU HANSHIN HDG. ,172,JAPAN
JP3854600008,"HONDA MOTOR CO., LTD ",HONDA MOTOR ,173,JAPAN
JP3845400005,HOKURIKU ELEC. POWER ,HOKURIKU ELEC.POWER ,174,JAPAN
JP3837800006,HOYA CORP ,HOYA ,175,JAPAN
JP3796150005,HIROGIN HOLDINGS ,HIROGIN HOLDINGS ,176,JAPAN
JP3784600003,HISAMITSU PHARMA ,HISAMITSU PHARM. ,177,JAPAN
JP3845770001,HOSHIZAKI ,HOSHIZAKI ,178,JAPAN
JP3787000003,HITACHI CONSTRUCTION ,HITACHI CON.MCH. ,179,JAPAN
JP3360800001,HULIC CO ,HULIC ,180,JAPAN
JP3850200001,HOKKAIDO ELECTRIC ,HOKKAIDO ELEC.POWER ,181,JAPAN
JP3906000009,MINEBEA MITSUMI INC ,MINEBEA MITSUMI ,182,JAPAN
JP3148800000,"IBIDEN CO., LTD. ",IBIDEN ,183,JAPAN
JP3142500002,IDEMITSU KOSAN CO ,IDEMITSU KOSAN ,184,JAPAN
JP3684000007,NITTO DENKO CORP ,NITTO DENKO ,185,JAPAN
JP3134800006,IHI CORP ,IHI ,186,JAPAN
JP3131090007,IIDA GROUP ,IIDA GROUP HOLDINGS ,187,JAPAN
JP3137200006,ISUZU MOTORS LIMITED ,ISUZU MOTORS ,188,JAPAN
JP3942600002,YAMAHA CORP ,YAMAHA ,189,JAPAN
JP3294460005,INPEX CORP ,INPEX ,190,JAPAN
JP3229400001,KANSAI PAINT CO. ,KANSAI PAINT ,191,JAPAN
JP3143600009,ITOCHU CORP ,ITOCHU ,192,JAPAN
JP3152740001,ABC-MART INC,ABC ,193,JAPAN
JP3143000002,ITO EN LTD ,ITO EN ,194,JAPAN
JP3143900003,ITOCHU TECHNO-SOL,ITOCHU TECHNO-SOLUTIONS ,195,JAPAN
JP3164800009,NOK CORP ,NOK ,196,JAPAN
JP3397200001,SUZUKI MOTOR CORP ,SUZUKI MOTOR ,197,JAPAN
JP3389660006,JAPAN DIS ,JAPAN DISPLAY ,199,JAPAN
JP3705200008,JAPAN AIRLINES ,JAPAN AIRLINES ,200,JAPAN
JP3385980002,JSR CORP ,J S R ,201,JAPAN
JP3151600008,IWATANI CORP ,IWATANI ,202,JAPAN
JP3386030005,JFE HOLDINGS INC ,JFE HOLDINGS ,203,JAPAN
JP3725400000,ZEON CORP ,ZEON ,204,JAPAN
JP3667600005,JGC HOLDINGS CORP ,JGC HOLDINGS ,205,JAPAN
JP3946750001,JAPAN POST BAN ,JAPAN POST BANK ,206,JAPAN
JP3421100003,JAPAN PETROLEUM ,JAPAN PETROLEUM EXP. ,207,JAPAN
JP3752900005,JAPAN POST ,JAPAN POST HOLDINGS ,208,JAPAN
JP3233250004,JAPAN POST IN ,JAPAN POST INSURANCE ,209,JAPAN
JP3040890000,JAPAN PRIME REALTY ,JAPAN PRIME REALTY INV. ,210,JAPAN
JP3582600007,TOKYO TATEMONO CO. ,TOKYO TATEMONO ,211,JAPAN
JP3574200006,TOKYU CORPORATION ,TOKYU ,212,JAPAN
JP3566800003,CENTRAL JAPAN ,CENTRAL JAPAN RAILWAY ,213,JAPAN
JP3027680002,JAPAN REAL ESTATE ,JAPAN REAL ESTATE INV. ,214,JAPAN
JP3039710003,JAPAN METROPOL ,JAPAN METROPOLITAN FUND ,215,JAPAN
JP3896800004,MITSUBISHI GAS CHEM ,MITSUBISHI GAS CHM. ,216,JAPAN
JP3388200002,AEON CO LTD ,AEON ,217,JAPAN
JP3699400002,JAPAN AIRPORT TERM ,JAPAN AIRPORT TERM. ,218,JAPAN
JP3717600005,NIPPON SHINYAKU CO. ,NIPPON SHINYAKU ,219,JAPAN
JP3721400004,JAPAN STEEL WORKS ,JAPAN STEEL WORKS ,220,JAPAN
JP3386450005,ENEOS HOLDINGS ,ENEOS HOLDINGS ,221,JAPAN
JP3902000003,MITSUBISHI LOGISTICS ,MITSUBISHI LOGISTICS ,222,JAPAN
JP3205800000,KAO CORP ,KAO ,223,JAPAN
JP3206000006,KAKAKU.COM INC ,KAKAKU.COM ,224,JAPAN
JP3258000003,KIRIN HOLDINGS CO ,KIRIN HOLDINGS ,225,JAPAN
JP3291200008,KOBE BUSSAN CO LTD ,KOBE BUSSAN ,226,JAPAN
JP3210200006,KAJIMA CORP ,KAJIMA ,227,JAPAN
JP3228600007,KANSAI ELEC. POWER ,KANSAI ELECTRIC PWR. ,228,JAPAN
JP3279400000,KEIHAN HOLDINGS ,KEIHAN HOLDINGS ,229,JAPAN
JP3244800003,KEWPIE ,KEWPIE ,230,JAPAN
JP3236200006,KEYENCE CORP ,KEYENCE ,231,JAPAN
JP3246500007,KYUSHU FINANC ,KYUSHU FINANCIAL GP. ,232,JAPAN
JP3215800008,KANEKA CORP ,KANEKA ,233,JAPAN
JP3256000005,KYOWA KIRIN CO LTD ,KYOWA KIRIN ,234,JAPAN
JP3280200001,KEIKYU CO ,KEIKYU ,235,JAPAN
JP3695200000,"NGK INSULATORS, LTD. ",NGK INSULATORS ,236,JAPAN
JP3263000006,KINDEN CORP ,KINDEN ,237,JAPAN
JP3260800002,KINTETSU GROUP HOLD ,KINTETSU GROUP HDG. ,238,JAPAN
JP3293200006,COCA-COLA BOTTLERS,COCA-COLA BOTTLERS JAPAN ,239,JAPAN
JP3223800008,KAWASAKI KISEN ,KAWASAKI KISEN KAISHA ,240,JAPAN
JP3304200003,KOMATSU LTD. ,KOMATSU ,241,JAPAN
JP3219000001,"KAMIGUMI CO., LTD. ",KAMIGUMI ,242,JAPAN
JP3240400006,KIKKOMAN CORPORATION ,KIKKOMAN ,243,JAPAN
JP3868400007,MAZDA MOTOR CORP ,MAZDA MOTOR ,244,JAPAN
JP3301100008,KOBAYASHI PHARMA ,KOBAYASHI PHARMACEUTICAL ,245,JAPAN
JP3283460008,KOEI TECMO HOLDINGS ,KOEI TECMO HOLDINGS ,246,JAPAN
JP3305800009,KOMORI CORP ,KOMORI ,247,JAPAN
JP3300200007,KONAMI GROUP CORP ,KONAMI GROUP ,248,JAPAN
JP3300600008,KONICA MINOLTA INC ,KONICA MINOLTA ,249,JAPAN
JP3421800008,"SECOM CO., LTD. ",SECOM ,250,JAPAN
JP3247010006,KYUSHU RAILWAY CO ,KYUSHU RAILWAY ,251,JAPAN
JP3738600000,NITERRA ,NITERRA ,252,JAPAN
JP3278600006,KEISEI ELECTRIC RAIL ,KEISEI ELEC.RAILWAY ,253,JAPAN
JP3277800003,KEIO CORP ,KEIO ,254,JAPAN
JP3253900009,KYORITSU MAINTENANCE ,KYORITSU MAINTENANCE ,255,JAPAN
JP3266400005,KUBOTA CORPORATION ,KUBOTA ,256,JAPAN
JP3224200000,KAWASAKI HEAVY INDS. ,KAWASAKI HEAVY INDUSTRY ,257,JAPAN
JP3203500008,ONWARD HOLDINGS ,ONWARD HOLDINGS ,258,JAPAN
JP3979200007,LASERTEC CORPORATION ,LASERTEC ,260,JAPAN
JP3982100004,LAWSON INC ,LAWSON ,261,JAPAN
JP3965400009,LION CORPORATION ,LION ,262,JAPAN
JP3626800001,LIXIL CORP ,LIXIL ,263,JAPAN
JP3903000002,MITSUBISHI MATERIALS ,MITSUBISHI MATERIALS ,264,JAPAN
JP3733400000,NIPPON ELEC. GLASS ,NIPPON ELEC.GLASS ,265,JAPAN
JP3580200008,TOKYO SEIMITSU CO. ,TOKYO SEIMITSU ,266,JAPAN
JP3863800003,MATSUI SECURITIES ,MATSUI SECURITIES ,267,JAPAN
JP3869010003,MATSUMOTOKIYOSHI ,MATSUKIYOKARA ,268,JAPAN
JP3897700005,MITSUBISHI CHEM ,MITSUBISHI CHEMICAL ,269,JAPAN
JP3870000001,MABUCHI MOTOR CO. ,MABUCHI MOTOR ,270,JAPAN
JP3750500005,MCDONALD'S HOLDINGS ,MCDONALD'S HOLDINGS ,271,JAPAN
JP3167500002,LEOPALACE21 CORP ,LEOPALACE21 ,272,JAPAN
JP3899600005,MITSUBISHI ESTATE CO ,MITSUBISHI ESTATE ,273,JAPAN
JP3268950007,MEDIPAL HOLDINGS ,MEDIPAL HOLDINGS ,274,JAPAN
JP3919200000,MEITEC GROUP ,MEITEC GROUP HOLDINGS ,275,JAPAN
JP3918000005,MEIJI HOLDINGS ,MEIJI HOLDINGS ,276,JAPAN
JP3921290007,MERCARI INC ,MERCARI ,277,JAPAN
JP3888400003,MITSUI MINING ,MITSUI MNG.& SMELT. ,278,JAPAN
JP3900000005,MITSUBISHI HEAVY IND ,MITSUBISHI HEAVY INDS. ,279,JAPAN
JP3866800000,PANASONIC HOLDINGS ,PANASONIC HOLDINGS ,280,JAPAN
JP3893200000,MITSUI FUDOSAN CO. ,MITSUI FUDOSAN ,281,JAPAN
JP3910660004,TOKIO MARINE ,TOKIO MARINE HOLDINGS ,282,JAPAN
JP3891600003,MITSUI E&S ,MITSUI E&S ,283,JAPAN
JP3885400006,MISUMI GROUP INC ,MISUMI GROUP ,284,JAPAN
JP3902900004,MITSUBISHI UFJ FIN ,MITSUBISHI UFJ FINL.GP. ,285,JAPAN
JP3880800002,"MIURA CO., LTD. ",MIURA ,286,JAPAN
JP3882750007,"MIXI, INC ",MIXI ,287,JAPAN
JP3885780001,MIZUHO FINANCIAL GRP ,MIZUHO FINL.GP. ,288,JAPAN
JP3862400003,MAKITA CORPORATION ,MAKITA ,289,JAPAN
JP3899800001,MITSUBISHI MOTORS ,MITSUBISHI MOTORS ,290,JAPAN
JP3922950005,"MONOTARO, CO.,LTD ",MONOTARO ,291,JAPAN
JP3362700001,MITSUI OSK LINES ,MITSUI OSK LINES ,292,JAPAN
JP3877600001,MARUBENI CORP ,MARUBENI ,293,JAPAN
JP3871200006,MARUICHI STEEL TUBE ,MARUICHI STEEL TUBE ,294,JAPAN
JP3890310000,MS&AD INSURANCE ,MS&AD INSURANCE GP.HDG. ,295,JAPAN
JP3893600001,"MITSUI & CO., LTD. ",MITSUI ,296,JAPAN
JP3386380004,J FRONT RETAILIN ,J FRONT RETAILING ,297,JAPAN
JP3778630008,BANDAI NAMCO ,BANDAI NAMCO HDG. ,298,JAPAN
JP3651210001,NABTESCO CORPORATION ,NABTESCO ,299,JAPAN
JP3734800000,NIDEC CORP ,NIDEC ,300,JAPAN
JP3653000004,NANKAI ELEC. RAILWAY ,NANKAI ELEC.RY. ,301,JAPAN
JP3649800004,NAGOYA RAILROAD CO. ,NAGOYA RAILROAD ,302,JAPAN
JP3670800006,NISSAN CHEMICAL CORP ,NISSAN CHEMICAL ,303,JAPAN
JP3678000005,NISSHINBO HOLD ,NISSHINBO HOLDINGS ,304,JAPAN
JP3675600005,NISSIN FOODS HOLD ,NISSIN FOODS HOLDINGS ,305,JAPAN
JP3663900003,SOJITZ CORP ,SOJITZ ,306,JAPAN
JP3715200006,NIPPON SHOKUBAI CO. ,NIPPON SHOKUBAI ,307,JAPAN
JP3732200005,NIPPON TELEVISION ,NIPPON TELEVISION HDG. ,308,JAPAN
JP3733000008,NEC CORP ,NEC ,309,JAPAN
JP3165000005,SOMPO HOLDINGS INC ,SOMPO HOLDINGS ,310,JAPAN
JP3762600009,NOMURA HOLDINGS INC ,NOMURA HDG. ,311,JAPAN
JP3689050007,NIHON M&A CENTER ,NIHON M&A CENTER HOLDINGS ,312,JAPAN
JP3762800005,NOMURA RESEARCH ,NOMURA RESEARCH INST. ,313,JAPAN
JP3756600007,NINTENDO CO LTD ,NINTENDO ,314,JAPAN
JP3661800007,NICHICON CORP ,NICHICON ,315,JAPAN
JP3723000000,NIPPN CORP ,NIPPN ,316,JAPAN
JP3721600009,NIPPON PAPER ,NIPPON PAPER INDUSTRIES ,317,JAPAN
JP3047550003,NIPPON PROLOGIS RE ,NIPPON PROLOGIS REIT ,318,JAPAN
JP3749400002,NIPPON PAINT HOLD ,NIPPON PAINT HOLDINGS ,319,JAPAN
JP3672400003,NISSAN MOTOR CO. ,NISSAN MOTOR ,320,JAPAN
JP3762900003,NOMURA REAL ESTATE ,NOMURA RLST.HDG. ,321,JAPAN
JP3048110005,NOMURA REAL ,NOMURA RLST.MASTER FUND ,322,JAPAN
JP3673600007,NIPRO CORP ,NIPRO ,323,JAPAN
JP3720800006,NSK LTD ,NSK ,324,JAPAN
JP3381000003,NIPPON STEEL CORP ,NIPPON STEEL ,325,JAPAN
JP3165600002,NTN CORP ,NTN ,326,JAPAN
JP3756100008,NITORI HOLDINGS ,NITORI HOLDINGS ,327,JAPAN
JP3735400008,NIPPON TELEGRAPH ,NIPPON TELG. & TEL. ,328,JAPAN
JP3694400007,NIPPON KAYAKU CO. ,NIPPON KAYAKU ,329,JAPAN
JP3940400009,YAMATO KOGYO CO. ,YAMATO KOGYO ,330,JAPAN
JP3758190007,NEXON CO LTD ,NEXON ,332,JAPAN
JP3753000003,NIPPON YUSEN K.K. ,NIPPON YUSEN KK ,333,JAPAN
JP3190000004,OBAYASHI CORP ,OBAYASHI ,334,JAPAN
JP3027670003,NIPPON BUILDING FUND ,NIPPON BUILDING FUND ,335,JAPAN
JP3173400007,"OBIC CO., LTD. ",OBIC ,336,JAPAN
JP3449020001,TAIHEIYO CEMENT CORP ,TAIHEIYO CEMENT ,337,JAPAN
JP3292200007,JTEKT CORP ,JTEKT ,338,JAPAN
JP3194800003,OKUMURA CORP ,OKUMURA ,339,JAPAN
JP3940000007,YAMATO HOLDINGS CO ,YAMATO HDG. ,340,JAPAN
JP3174410005,OJI HOLDINGS ,OJI HOLDINGS ,341,JAPAN
JP3194000000,OKI ELECTRIC INDS. ,OKI ELECTRIC IND. ,342,JAPAN
JP3201200007,OLYMPUS CORP ,OLYMPUS ,343,JAPAN
JP3792600003,HINO MOTORS LTD ,HINO MOTORS ,344,JAPAN
JP3197800000,OMRON CORP ,OMRON ,345,JAPAN
JP3180400008,"OSAKA GAS CO., LTD. ",OSAKA GAS ,346,JAPAN
JP3689500001,ORACLE CORP. JAPAN ,ORACLE JAPAN ,347,JAPAN
JP3198900007,ORIENTAL LAND CO. ,ORIENTAL LAND ,348,JAPAN
JP3200450009,ORIX CORP ,ORIX ,349,JAPAN
JP3040880001,ORIX JREIT INC ,ORIX JREIT ,350,JAPAN
JP3283650004,KOSE CORP ,KOSE ,351,JAPAN
JP3183200009,JAPAN EXCHANGE ,JAPAN EXCHANGE GROUP ,352,JAPAN
JP3188220002,OTSUKA HOLDINGS ,OTSUKA HOLDINGS ,353,JAPAN
JP3188200004,OTSUKA CORP ,OTSUKA ,354,JAPAN
JP3657400002,NIKON CORPORATION ,NIKON ,355,JAPAN
JP3172100004,OKUMA CORP ,OKUMA ,356,JAPAN
JP3405400007,SUMITOMO HEAVY INDS. ,SUMITOMO HEAVY INDS. ,357,JAPAN
JP3780100008,"PARK24 CO., LTD. ",PARK24 ,358,JAPAN
JP3320800000,SAPPORO HOLDINGS LTD ,SAPPORO HOLDINGS ,359,JAPAN
JP3888300005,MITSUI CHEMICALS INC ,MITSUI CHEMICALS ,360,JAPAN
JP3836750004,PEPTIDREAM ,PEPTIDREAM ,361,JAPAN
JP3284600008,"KOITO MFG. CO., LTD. ",KOITO MANUFACTURING ,362,JAPAN
JP3771800004,HAMAMATSU PHOTONICS ,HAMAMATSU PHOTONICS ,363,JAPAN
JP3801600002,PIGEON CORP ,PIGEON ,364,JAPAN
JP3170800001,OSG CORP ,OSG ,365,JAPAN
JP3855900001,POLA ORBIS HOLDINGS ,POLA ORBIS HOLDINGS ,366,JAPAN
JP3627000007,TODA CORP ,TODA ,367,JAPAN
JP3197600004,ONO PHARMACEUTICAL ,ONO PHARM. ,368,JAPAN
JP3629000005,TOPPAN HOLDINGS INC ,TOPPAN HOLDINGS ,369,JAPAN
JP3160670000,AIR WATER INC ,AIR WATER ,370,JAPAN
JP3967200001,RAKUTEN GROUP INC ,RAKUTEN GROUP ,371,JAPAN
JP3637300009,TREND MICRO INCORP. ,TREND MICRO ,372,JAPAN
JP3164720009,RENESAS ELECTRON ,RENESAS ELECTRONICS ,373,JAPAN
JP3755200007,RELO GROUP INC ,RELO GROUP ,374,JAPAN
JP3974450003,"RESORT TRUST, INC. ",RESORT TRUST ,375,JAPAN
JP3802300008,FAST RETAILING CO ,FAST RETAILING ,376,JAPAN
JP3571400005,TOKYO ELECTRON LTD. ,TOKYO ELECTRON ,377,JAPAN
JP3973400009,"RICOH COMPANY, LTD. ",RICOH ,378,JAPAN
JP3970300004,RECRUIT HOLDINGS ,RECRUIT HOLDINGS ,379,JAPAN
JP3977400005,RINNAI CORP ,RINNAI ,380,JAPAN
JP3269600007,"KURARAY CO., LTD. ",KURARAY ,381,JAPAN
JP3822000000,H.U. GROUP HOLDING ,HU GROUP HOLDINGS ,382,JAPAN
JP3982800009,ROHM CO LTD ,ROHM ,383,JAPAN
JP3966800009,ROUND ONE CORP. ,ROUND ONE ,384,JAPAN
JP3799000009,HIROSE ELECTRIC CO. ,HIROSE ELECTRIC ,385,JAPAN
JP3536150000,TSURUHA HOLDINGS INC ,TSURUHA HOLDINGS ,386,JAPAN
JP3597800006,TOBU RAILWAY CO. ,TOBU RAILWAY ,387,JAPAN
JP3665200006,NICHIREI CORP ,NICHIREI ,388,JAPAN
JP3431300007,NXERA PHARMA CO ,NXERA PHARMA ,389,JAPAN
JP3326410002,SANKYO CO LTD (6417) ,SANKYO ,390,JAPAN
JP3344400001,SANWA HOLDINGS ,SANWA HOLDINGS ,391,JAPAN
JP3336560002,SUNTORY BEVERAGE ,SUNTORY BEVERAGE & FOOD ,392,JAPAN
JP3401400001,SUMITOMO CHEMICAL CO ,SUMITOMO CHEMICAL ,393,JAPAN
JP3420600003,"SEKISUI HOUSE, LTD. ",SEKISUI HOUSE ,394,JAPAN
JP3417200007,SEIBU HOLDINGS ,SEIBU HOLDINGS ,395,JAPAN
JP3271400008,CREDIT SAISON CO. ,CREDIT SAISON ,396,JAPAN
JP3414750004,SEIKO EPSON ,SEIKO EPSON ,397,JAPAN
JP3132600002,SENSHU IKEDA ,SENSHU IKEDA HOLDINGS ,398,JAPAN
JP3419050004,SEGA SAMMY HLDNGS ,SEGA SAMMY HDG. ,399,JAPAN
JP3422950000,SEVEN & I HLDGS CO ,SEVEN & I HDG. ,400,JAPAN
JP3105220002,"SEVEN BANK, LTD. ",SEVEN BANK ,401,JAPAN
JP3436120004,SBI HOLDINGS INC ,SBI HDG. ,402,JAPAN
JP3436100006,SOFTBANK GROUP CORP ,SOFTBANK GROUP ,403,JAPAN
JP3686800008,NIPPON SHEET GLASS ,NIPPON SHEET GLASS ,404,JAPAN
JP3162770006,SG HOLDINGS CO LTD ,SG HOLDINGS ,405,JAPAN
JP3359600008,SHARP CORPOR ,SHARP ,406,JAPAN
JP3729000004,SBI SHINSEI BANK LTD ,SBI SHINSEI BANKLIMITED ,407,JAPAN
JP3351600006,"SHISEIDO CO., LTD. ",SHISEIDO ,408,JAPAN
JP3358200008,"SHIMAMURA CO., LTD. ",SHIMAMURA ,409,JAPAN
JP3358000002,SHIMANO INC. ,SHIMANO ,410,JAPAN
JP3398000004,"SUZUKEN CO., LTD. ",SUZUKEN ,411,JAPAN
JP3350800003,SHIKOKU ELECTRIC PWR ,SHIKOKU ELECTRIC POWER ,412,JAPAN
JP3329600005,SANKEN ELECTRIC CO. ,SANKEN ELECTRIC ,413,JAPAN
JP3914400001,MURATA MANUFACTURING ,MURATA MANUFACTURING ,414,JAPAN
JP3162600005,SMC CORP ,SMC ,415,JAPAN
JP3890350006,SUMITOMO MITSUI ,SUMITOMO MITSUI FINL.GP. ,416,JAPAN
JP3892100003,,SUMITOMO MITSUI TRUST ,417,JAPAN
JP3435750009,M3 INC ,M3 ,418,JAPAN
JP3435000009,SONY GROUP CORP ,SONY GROUP ,419,JAPAN
JP3732000009,SOFTBANK CORP ,SOFTBANK ,420,JAPAN
JP3375800004,SHINKO ELECTRIC IND. ,SHINKO ELEC.INDS. ,421,JAPAN
JP3431900004,SOHGO SECURITY SERV ,SOHGO SECURITIES ,422,JAPAN
JP3347200002,"SHIONOGI & CO., LTD. ",SHIONOGI ,423,JAPAN
JP3343200006,SANRIO COMPANY LTD ,SANRIO ,424,JAPAN
JP3352000008,SEVENTY-SEVEN BANK,77 BANK ,425,JAPAN
JP3399400005,STANLEY ELECTRIC CO. ,STANLEY ELECTRIC ,426,JAPAN
JP3399310006,ZOZO INC ,ZOZO ,427,JAPAN
JP3407400005,SUMITOMO ELECTRIC ,SUMITOMO ELECTRIC IND. ,428,JAPAN
JP3400400002,SCSK CORP ,SCSK ,429,JAPAN
JP3411000007,"SURUGA BANK, LTD. ",SURUGA BANK ,430,JAPAN
JP3404200002,SUMITOMO RUBBER IND. ,SUMITOMO RUBBER INDS. ,431,JAPAN
JP3407200009,OSAKA TITANIUM ,OSAKA TITANIUM ,432,JAPAN
JP3368000000,RESONAC HOLDINGS ,RESONAC HOLDINGS ,433,JAPAN
JP3358800005,SHIMIZU CORPORATION ,SHIMIZU ,434,JAPAN
JP3463000004,TAKEDA PHAR CO LTD ,TAKEDA PHARMACEUTICAL ,435,JAPAN
JP3539220008,T&D HOLDINGS INC ,T & D HOLDINGS ,436,JAPAN
JP3442850008,TAISHO PHARM. ,TAISHO PHARM.HOLDINGS ,437,JAPAN
JP3443600006,TAISEI CORP ,TAISEI ,438,JAPAN
JP3538800008,TDK CORP ,TDK ,439,JAPAN
JP3585800000,TOKYO ELECTRIC POWER ,TOKYO ELECTRIC POWER CO. ,440,JAPAN
JP3546800008,TERUMO CORP ,TERUMO ,441,JAPAN
JP3569200003,TOKYU FUDOSAN ,TOKYU FUDOSAN HOLDINGS ,442,JAPAN
JP3588600001,TBS HOLDINGS INC ,TBS HOLDINGS ,443,JAPAN
JP3539250005,"THK CO., LTD. ",THK ,444,JAPAN
JP3600200004,"TOHO GAS CO., LTD. ",TOHO GAS ,445,JAPAN
JP3566600007,TOKAI RIKA CO. LTD. ,TOKAI RIKA ,446,JAPAN
JP3104890003,TIS INC ,TIS ,447,JAPAN
JP3544000007,TEIJIN LIMITED ,TEIJIN ,448,JAPAN
JP3456000003,"TAKASHIMAYA CO., LTD ",TAKASHIMAYA ,449,JAPAN
JP3579800008,TOKYO STEEL MFG. CO. ,TOKYO STEEL MNFG. ,450,JAPAN
JP3547670004,PERSOL HOLDINGS ,PERSOL HOLDINGS ,451,JAPAN
JP3711600001,NIPPON SANSO ,NIPPON SANSO HOLDINGS ,452,JAPAN
JP3351100007,SYSMEX CORPORATION ,SYSMEX ,453,JAPAN
JP3619800000,"TOYOBO CO., LTD. ",TOYOBO ,454,JAPAN
JP3598600009,TOHO CO LTD (TOKYO) ,TOHO ,455,JAPAN
JP3602600003,TOHO HOLDINGS ,TOHO HOLDINGS ,456,JAPAN
JP3625000009,TOKUYAMA CORPORATION ,TOKUYAMA ,457,JAPAN
JP3613000003,TOYO SUISAN KAISHA ,TOYO SUISAN KAISHA ,458,JAPAN
JP3596200000,TOTO LTD. ,TOTO ,459,JAPAN
JP3613400005,TOYO SEIKAN GROUP ,TOYO SEIKAN GROUP HDG. ,460,JAPAN
JP3621000003,TORAY INDUSTRIES ,TORAY INDS. ,461,JAPAN
JP3592200004,TOSHIBA CORPORATION ,TOSHIBA ,462,JAPAN
JP3595200001,TOSOH CORP ,TOSOH ,463,JAPAN
JP3535800001,TSUMURA & CO. ,TSUMURA ,464,JAPAN
JP3601800000,TOHO TITANIUM CO. ,TOHO TITANIUM ,465,JAPAN
JP3459600007,TAKARA HOLDING ,TAKARA HDG. ,466,JAPAN
JP3634600005,TOYOTA INDUSTRIES ,TOYOTA INDS. ,467,JAPAN
JP3635400009,TOYOTA BOSHOKU CORP ,TOYOTA BOSHOKU ,468,JAPAN
JP3634200004,TOYODA GOSEI CO. ,TOYODA GOSEI ,469,JAPAN
JP3633400001,TOYOTA MOTOR CORP ,TOYOTA MOTOR ,470,JAPAN
JP3635000007,TOYOTA TSUSHO CORP ,TOYOTA TSUSHO ,471,JAPAN
JP3573000001,"TOKYO GAS CO., LTD. ",TOKYO GAS ,472,JAPAN
JP3158800007,UBE CORP ,UBE ,473,JAPAN
JP3371200001,SHIN-ETSU CHEMICAL,SHIN-ETSU CHEMICAL ,474,JAPAN
JP3870400003,MARUI GROUP CO ,MARUI GROUP ,475,JAPAN
JP3404600003,SUMITOMO CORP ,SUMITOMO ,476,JAPAN
JP3605400005,TOHOKU ELEC. POWER ,TOHOKU ELECTRIC PWR. ,477,JAPAN
JP3902400005,MITSUBISHI ELECTRIC ,MITSUBISHI ELECTRIC ,478,JAPAN
JP3322930003,SUMCO CORP ,SUMCO ,479,JAPAN
JP3951600000,UNICHARM CORP ,UNI CHARM ,480,JAPAN
JP3156400008,USHIO INC. ,USHIO ,481,JAPAN
JP3944130008,USS CO LTD ,USS ,482,JAPAN
JP3045540006,UNITED URBAN INVEST ,UNITED URB.INV. ,483,JAPAN
JP3246400000,KYUSHU ELECTRIC ,KYUSHU ELEC.POWER ,484,JAPAN
JP3196000008,ODAKYU ELECTRIC RAIL ,ODAKYU ELECTRIC RY. ,485,JAPAN
JP3819400007,FUJI MEDIA HOLDING ,FUJI MEDIA HOLDINGS ,486,JAPAN
JP3144000001,ITOCHU ENEX CO LTD ,ITOCHU ENEX ,487,JAPAN
JP3274280001,WELCIA HOLDINGS CO ,WELCIA HOLDINGS ,488,JAPAN
JP3659000008,WEST JAPAN RAILWAY ,WEST JAPAN RAILWAY ,489,JAPAN
JP3230600003,"KANDENKO CO., LTD. ",KANDENKO ,490,JAPAN
JP3955000009,YOKOGAWA ELECTRIC ,YOKOGAWA ELECTRIC ,491,JAPAN
JP3336000009,SANTEN PHARMACEUT'L ,SANTEN PHARM. ,492,JAPAN
JP3939000000,YAMADA ,YAMADA HOLDINGS ,493,JAPAN
JP3931600005,YAKULT HONSHA CO. ,YAKULT HONSHA ,494,JAPAN
JP3930200005,YAOKO CO LTD ,YAOKO ,495,JAPAN
JP3932000007,YASKAWA ELECTRIC ,YASKAWA ELECTRIC ,496,JAPAN
JP3933800009,LY CORP ,LY ,497,JAPAN
JP3415400005,SEINO HOLDINGS CO ,SEINO HDG. ,498,JAPAN
JP3942800008,YAMAHA MOTOR CO. ,YAMAHA MOTOR ,499,JAPAN
JP3935300008,YAMAGUCHI FINL GRP ,YAMAGUCHI FINL.GP. ,500,JAPAN
JP3976300008,RYOHIN KEIKAKU CO. ,RYOHIN KEIKAKU ,501,JAPAN
JP3955800002,YOKOHAMA RUBBER CO ,YOKOHAMA RUBBER ,502,JAPAN
JP3942400007,ASTELLAS PHARMA INC ,ASTELLAS PHARMA ,503,JAPAN
JP3400900001,SUMITOMO OSAKA CEM. ,SUMITOMO OSAKA CEMENT ,505,JAPAN
JP3425000001,CENTRAL GLASS CO LTD ,CENTRAL GLASS ,506,JAPAN
JP3898400001,MITSUBISHI CORP ,MITSUBISHI ,507,JAPAN
JP3102000001,AISIN CORP ,AISIN ,508,JAPAN
JP3357200009,SHIMADZU CORP ,SHIMADZU ,509,JAPAN
JP3894900004,ISETAN MITSUKOSHI ,ISETAN MITSUKOSHI HDG. ,510,JAPAN
HK0000069689,AIA GROUP LIMITED ,AIA GROUP ,512,HONG KONG
HK0101000591,HANG LUNG PROPERTIES ,HANG LUNG PROPERTIES ,513,HONG KONG
KYG0535Q1331,ASMPT LTD ,ASMPT ,514,HONG KONG
KYG1674K1013,BUDWEISER BREWING ,BUDWEISER BREWING COMPANY APAC ,515,HONG KONG
HK0023000190,BANK OF EAST ASIA ,BANK OF EAST ASIA ,516,HONG KONG
HK0392044647,BEIJING ENTERPRISES ,BEIJING ENTERPRISES HOLDINGS ,517,HONG KONG
KYG4387E1070,HEALTH AND HA ,H & H INTL. HDG. ,518,HONG KONG
HK2388011192,BOC HONG KONG ,BOC HONG KONG HOLDINGS ,519,HONG KONG
SG9999015267,BOC AVIATION LTD ,BOC AVIATION ,520,SINGAPORE
KYG126521064,BOSIDENG INTERNATIO ,BOSIDENG INTL.HOLDINGS ,521,HONG KONG
BMG1744V1037,CAFE DE CORAL ,CAFE DE CORAL HDG. ,522,HONG KONG
HK0293001514,CATHAY PACIFIC AIR ,CATHAY PACIFIC AIRWAYS ,523,HONG KONG
BMG1368B1028,BRILLIANCE ,BRILLIANCE CHINA ,524,HONG KONG
BMG210901242,CHINA WATER AFFAIRS ,CHINA WATER AFFAIRS GP. ,525,HONG KONG
KYG2046Q1156,CHAODA MODERN ,CHAODA MODERN AGRI ,526,HONG KONG
KYG2108Y1052,CHINA RESOURCES LAND ,CHINA RESOURCES LAND ,527,HONG KONG
KYG2163M1033,CHINA EDUCATION ,CHINA EDUCATION GROUP ,528,HONG KONG
HK0257001336,CHINA EVERBRIGHT ,CHINA EVERBRIGHT ENVIRONMENT GROUP ,529,HONG KONG
KYG217651051,CK HUTCHISON ,CK HUTCHISON HOLDINGS ,530,HONG KONG
BMG2108M2182,CHINESE ESTATES HLDG ,CHINESE ESTATES HDG. ,531,HONG KONG
BMG2108V1019,CHINA ORIENTAL GROUP ,CHINA ORIENTAL GROUP ,532,HONG KONG
HK0291001490,CHINA RESOURCES ,CHINA RESOURCES BEER ,533,HONG KONG
KYG2112D1051,CHINA HIGH SPEED ,CHINA HISPD.TNSM.EQU.GP. ,534,HONG KONG
HK0000055878,CHINA TAIPING INSU ,CHINA TAIPING INSURANCE ,535,HONG KONG
BMG2178K1009,CK INFRASTRU ,CKI HOLDINGS ,536,HONG KONG
KYG2177B1014,CK ASSET HOLDINGS ,CK ASSET HOLDINGS ,537,HONG KONG
HK0002007356,CLP HOLDINGS LTD ,CLP HOLDINGS ,538,HONG KONG
HK0119000674,POLY PROPERTY GR ,POLY PPTY GROUP ,539,HONG KONG
HK0688002218,CHINA OVERSEAS LAND ,CHINA OVERSEAS LAND INVESTMENT ,540,HONG KONG
KYG2118M1096,CHINA OVERSEAS PROP ,CHINA OVERSEAS PROPERTY ,541,HONG KONG
HK2380027329,CHINA POWER INTN'L ,CHIN.PWR.INTDVT. ,542,HONG KONG
KYG2113L1068,CHINA RES ,CHINA RES BUILD MATERIAL ,543,HONG KONG
HK2778034606,CHAMPION REIT ,CHAMPION REIT.TRUST ,544,HONG KONG
HK0836012952,CHINA HUARONG ,CHINA RESOURCES POWER ,545,HONG KONG
KYG2116D1198,CHINA RESOURCES PHAR ,CHINA HUARONG ENERGY ,546,HONG KONG
HK0000311099,CHINA STATE CONSTN ,CHINA RESOURCES PHARMACEUTICAL GROUP ,547,HONG KONG
KYG216771363,,CSTCN.INTHDG. ,548,HONG KONG
KYG211461085,CHOW TAI FOOK ,CHOW TAI FOOK JEWELLERY ,549,HONG KONG
HK1883037637,CITIC 1616 HOLDINGS ,CITIC TELECOM INT L ,550,HONG KONG
HK0308001558,CHINA TRAVEL INT'L ,CTII.INTL.INV.HK. ,551,HONG KONG
HK0440001847,DAH SING FINANCIAL ,DAH SING FINANCIAL HDG. ,553,HONG KONG
HK2356013600,DAH SING BANKING ,DAH SING BANKING GP. ,554,HONG KONG
KYG319891092,ESR CAYMAN ,ESR REAL ESTATE ,556,HONG KONG
HK0000077468,FAR EAST ,FAR EAST HORIZON ,557,HONG KONG
HK0639031506,SHOUGANG ,SHOUGANG FUSHAN ,558,HONG KONG
BMG2442N1048,COSCO SHIPPING ,COSCO SHIPPING PORTS ,559,HONG KONG
BMG348041077,FIRST PACIFIC CO LTD ,FIRST PACIFIC ,561,HONG KONG
HK0817039453,CHINA JINMAO ,CHINA JINMAO HOLDINGS ,562,HONG KONG
KYG3774X1088,GCL TECHNOLOGY ,GCL TECHNOLOGY HOLDINGS ,563,HONG KONG
BMG6901M1010,GIORDANO INT'L LTD ,GIORDANO INTL. ,564,HONG KONG
HK0270001396,GUANGDONG INVESTMENT ,GUANGDONG INVESTMENT ,565,HONG KONG
BMG420981224,GUOCO GROUP LTD ,GUOCO GROUP ,566,HONG KONG
BMG9880L1028,YUEXIU TRAN ,YUEXIU TRANSPORT ,568,HONG KONG
HK0144000764,CHINA MERCHANTS PO ,CHINA MERCHANTS PORT ,569,HONG KONG
HK0012000102,HENDERSON LAND ,HENDERSON LD.DEV. ,570,HONG KONG
KYG960071028,WH GROUP LTD ,WH GROUP ,571,HONG KONG
KYG451581055,HKBN LTD ,HKBN ,572,HONG KONG
HK0003000038,HONG KONG AND CHINA ,HONG KONG AND CHINA GAS ,573,HONG KONG
HK0000179108,HK ELECTRIC ,HK ELECTRIC INVESTMENTS ,574,HONG KONG
HK0006000050,POWER ASSETS ,POWER ASSETS HOLDINGS ,575,HONG KONG
HK0388045442,HONG KONG EXCHANGES ,HONG KONG EXS.& CLEAR. ,576,HONG KONG
HK0000093390,HKT TRUST ,HKT TRUST & HKT ,577,HONG KONG
HK0004000045,WHARF HOLDINGS LTD ,WHARF HOLDINGS ,578,HONG KONG
HK0010000088,HANG LUNG GROUP LTD ,HANG LUNG GROUP ,579,HONG KONG
BMG4600H1198,HOPSON DEVELOPMENT ,HOPSON DEVELOPMENT HOLDINGS ,580,HONG KONG
KYG8088A1168,SHENZHEN INV ,SHN.INHS.BY.AEA. DEV. ,581,HONG KONG
HK0011000095,HANG SENG BANK LTD ,HANG SENG BANK ,582,HONG KONG
KYG4672G1064,HUTCHISON TELECOM ,HCH.TELECOM.HK.HOLDINGS ,583,HONG KONG
HK0014000126,HYSAN DEVELOPMENT CO ,HYSAN DEVELOPMENT ,584,HONG KONG
KYG6771K1022,IGG INC ,IGG ,585,SINGAPORE
HK0165000859,,CHINA EVERBRIGHT ,586,HONG KONG
BMG0171W1055,ALIBABA PICTURES ,ALIBABA PICTURES GROUP ,587,HONG KONG
BMG2109G1033,CHINA GAS HOLDINGS ,CHINA GAS HOLDINGS ,588,HONG KONG
KYG5139G1001,JIAYUAN INTERNATION ,JIAYUAN INTL.GP. ,589,HONG KONG
BMG5150J1577,JOHNSON ELECTRIC ,JOHNSON ELECTRIC HDG. ,590,HONG KONG
BMG524401079,KERRY PROPERTIES LTD ,KERRY PROPERTIES ,591,HONG KONG
KYG5257K1076,KINGBOARD LAMI ,KINGBOARD LAMINATES HDG. ,592,HONG KONG
KYG525621408,KINGBOARD HOLDINGS ,KINGBOARD HOLDINGS ,593,HONG KONG
BMG524181036,KLN LOGISTICS GROUP ,KERRY LOGISTICS NETWORK ,594,HONG KONG
KYG548561284,LIFESTYLE INTN'L ,LIFESTYLE INTL.HDG. ,595,HONG KONG
KYG8406X1034,SSY GROUP LTD ,SSY GROUP ,596,HONG KONG
KYG5427W1309,LEE & MAN PAPER MFG ,LEE & MAN PAPER MNFG. ,597,HONG KONG
BMG2113B1081,CHINA RESOURCES GAS ,CHINA RESOURCES GAS GROUP ,598,HONG KONG
HK0823032773,LINK REAL ESTATE ,LINK REAL ESTATE INVESTMENT TRUST ,599,HONG KONG
KYG3777B1032,GEELY AUTOMOBILE ,GEELY AUTOMOBILE HDG. ,600,HONG KONG
BMG4404N1149,CHINA RUYI HLDG ,CHINA RUYI HOLDINGS ,601,HONG KONG
HK0200030994,MELCO INT'L DEV'T ,MELCO INTL.DEV. ,602,HONG KONG
KYG210961051,CHINA MENGNIU DAIRY ,CHINA MENGNIU DAIRY ,603,HONG KONG
HK0066009694,MTR CORPORATION LTD ,MTR ,604,HONG KONG
BMG653181005,NINE DRAGONS PAPER ,NINE DRAGONS PAPER HDG. ,605,HONG KONG
HK0000608585,NEW WORLD DEV'T ,NEW WORLD DEVELOPMENT ,606,HONG KONG
BMG677491539,ORIENT OVERSEAS ,ORIENT OVERSEAS (INTL.) ,607,HONG KONG
KYG8972T1067,TG SMART ENERGY ,TOWNGAS SMART ENERGY ,608,HONG KONG
BMG668971101,CTF SERVICES ,NWS HOLDINGS ,609,HONG KONG
BMG6260K1595,MONGOLIA ,MONGOLIA ENERGY ,610,HONG KONG
BMG5320C1082,KUNLUN ENERGY ,KUNLUN ENERGY ,611,HONG KONG
BMG684371393,PACIFIC BASIN SHIP ,PACIFIC BASIN SHIP. ,612,HONG KONG
HK0027032686,GALAXY ENT GRP LTD ,GALAXY ENTERTAINMENT GP. ,613,HONG KONG
BMG1985B1138,C C LAND HOLDINGS ,C C LAND HOLDINGS ,614,HONG KONG
KYG7814S1021,SA SA INTERNATIONAL ,SA SA INTL.HDG. ,615,HONG KONG
KYG8167W1380,SINO BIOPHARMCL ,SINO BIOPHM. ,616,HONG KONG
BMG2154F1095,CHINA FOODS LTD ,CHINA FOODS ,617,HONG KONG
HK0000065737,CHINA OVERSEAS G ,CHINA OVERSEAS GRAND ,618,HONG KONG
BMG8086V1467,SHENZHEN INT'L HLDG ,SHENZHEN INTERNATIONAL ,619,HONG KONG
KYG810431042,SHIMAO GROUP ,SHIMAO GROUP HOLDINGS ,620,HONG KONG
HK0016000132,SUN HUNG KAI ,SUN HUNG KAI PROPERTIES ,621,HONG KONG
BMG0171K1018,ALIBABA HEALTH ,ALIBABA HLTH.INFO.TECH. ,622,HONG KONG
HK0242001243,SHUN TAK HLDGS LTD ,SHUN TAK HOLDINGS ,623,HONG KONG
HK0604011236,SHENZHEN INVESTMENT ,SHENZHEN INVESTMENT ,624,HONG KONG
KYG8187G1055,SITC INTERNATIONAL ,SITC INTERNATIONAL HDG. ,625,HONG KONG
BMG8165U1009,SINOPEC KANTONS ,SINOPEC KANTONS HOLDINGS ,626,HONG KONG
HK0083000502,SINO LAND COMPANY ,SINO LAND ,627,HONG KONG
BMG4639H1227,HUABAO INT'L HLDGS ,HUABAO INTL.HDG. ,628,HONG KONG
HK0363006039,SHANGHAI INDUSTRIAL ,SHANGHAI INDUSTRIAL HOLDINGS ,629,HONG KONG
HK0880043028,SJM HOLDINGS LIMITED ,SJM HOLDINGS ,630,HONG KONG
BMG8181C1001,SKYWORTH GR ,SKYWORTH GROUP ,631,HONG KONG
BMG8063F1068,SHANGRI ,SHANGRI-LA ASIA ,632,HONG KONG
BMG5266H1034,KINGSTON FINANCIAL ,KINGSTON FINANCIAL GROUP ,633,HONG KONG
HK0000063609,SWIRE PROPERTIES ,SWIRE PROPERTIES ,634,HONG KONG
HK0019000162,SWIRE PACIFIC LTD ,SWIRE PACIFIC 'A' ,635,HONG KONG
BMG2164J1099,YOUZAN TECHNO ,YOUZAN TECHNOLOGY ,636,HONG KONG
BMG4232X1020,HAITONG INTL SEC ,HAITONG INTL.SECS.GP. ,637,HONG KONG
HK0008011667,PCCW LTD ,PCCW ,638,HONG KONG
HK0669013440,TECHTRONIC INDUS ,TECHTRONIC INDS. ,639,HONG KONG
HK0000139300,TELEVISION BROADCAST ,TELEVISION BROADCASTS ,640,HONG KONG
HK0000049939,CHINA UNICOM ,CHINA UNICOM (HONG KONG) ,641,HONG KONG
KYG9361V1086,VINDA INTERNATIONAL ,VINDA INTERNATIONAL HDG. ,642,HONG KONG
HK0345001611,VITASOY INTERNAT ,VITASOY INTL.HDG. ,643,HONG KONG
BMG9400S1329,VTECH HOLDINGS LTD ,VTECH HOLDINGS ,644,HONG KONG
BMG0957L1090,,BEIJING ENTERPRISES WATER GROUP ,645,HONG KONG
BMG8403G1033,SINOFERT HOLDINGS ,SINOFERT HOLDINGS ,647,HONG KONG
HK0000056256,CHINA TRADITIONAL ,CHINA TRADITIONAL CHI,648,HONG KONG
KYG9593A1040,WHA ,WHARF REAL ESTATE ,649,HONG KONG
KYG450481083,HENGDELI HOLD ,HENGDELI HOLDINGS ,650,HONG KONG
KYG9828G1082,XINYI GLASS HLDGS ,XINYI GLASS HOLDINGS ,651,HONG KONG
BMG988031446,YUE YUEN INDUSTRIAL ,YUE YUEN INDL.HDG. ,652,HONG KONG
KR7000810002,SAMSUNG FIRE & MARIN ,SAMSUNG FIRE & MAR.IN. ,653,SOUTH KOREA
KR7196170005,ALTEOGEN INC ,ALTEOGEN ,654,SOUTH KOREA
KR7090430000,AMOREPACIFIC CORP ,AMOREPACIFIC ,655,SOUTH KOREA
KR7011210002,HYUNDAI WIA CORP ,HYUNDAI WIA ,656,SOUTH KOREA
KR7241560002,DOOSAN BOBCAT ,DOOSAN BOBCAT ,657,SOUTH KOREA
KR7207940008,SAMSUNG BIOLOGICS ,SAMSUNG BIOLOGICS ,658,SOUTH KOREA
KR7027410000,BGF CO LTD ,BGF ,659,SOUTH KOREA
KR7282330000,BGF RETAIL CO LTD ,BGF RETAIL ,660,SOUTH KOREA
KR7034730002,SK INC ,SK ,661,SOUTH KOREA
KR7030000004,CHEIL WORLDWIDE INC ,CHEIL WORLDWIDE ,662,SOUTH KOREA
KR7267270007,HD HYUNDAI CONSTR ,HD HYUNDAI CONSTRUCTION ,663,SOUTH KOREA
KR7001040005,CJ CORP ,CJ ,664,SOUTH KOREA
KR7097950000,CJ CHEILJEDANG CORP ,CJ CHEILJEDANG ,665,SOUTH KOREA
KR7091990002,CELLTRION HEALTHCARE ,CELLTRION HEALTHCARE ,666,SOUTH KOREA
KR7028260008,SAMSUNG C&T ,SAMSUNG C&T ,667,SOUTH KOREA
KR7026960005,DONG SUH COMPANIES ,DONGSUH ,668,SOUTH KOREA
KR7012510004,DOUZONE BIZON CO LTD ,DOUZONBIZON ,669,SOUTH KOREA
KR7071050009,KOREA INV HLDGS ,KOREA INVESTMENT HDG. ,670,SOUTH KOREA
KR7001800002,ORION HOLDINGS CORP ,ORION HOLDINGS ,671,SOUTH KOREA
KR7001230002,DONGKUK HOLDINGS ,DONGKUK HOLDINGS ,672,SOUTH KOREA
KR7000210005,DL HOLDINGS ,DL ,673,SOUTH KOREA
KR7042670000,HD HYUNDAI ,HD HYUNDAI INFRACORE ,674,SOUTH KOREA
KR7003470002,YUANTA SECURITIES ,YUANTA SECURITIES KOREA ,675,SOUTH KOREA
KR7006800007,MIRAE ASSET ,MIRAE ASSET SECURITIES ,676,SOUTH KOREA
KR7035720002,KAKAO CORP ,KAKAO ,677,SOUTH KOREA
KR7004800009,HYOSUNG CORP ,HYOSUNG ,678,SOUTH KOREA
KR7139480008,E-MART INC,E-MART ,679,SOUTH KOREA
KR7081660003,MISTO HOLDINGS ,FILA HOLDINGS ,680,SOUTH KOREA
KR7010120004,LS ELECTRIC CO ,LS ELECTRIC ,681,SOUTH KOREA
KR7086280005,HYUNDAI GLOVIS ,HYUNDAI GLOVIS ,682,SOUTH KOREA
KR7007070006,GS RET ,GS RETAIL ,683,SOUTH KOREA
KR7078930005,GS HOLDINGS CORP ,GS HOLDINGS ,684,SOUTH KOREA
KR7006260004,LS CORPORATION ,LS ,685,SOUTH KOREA
KR7012330007,HYUNDAI MOBIS ,HYUNDAI MOBIS ,686,SOUTH KOREA
KR7018880005,HANON SYSTEMS ,HANON SYSTEMS ,687,SOUTH KOREA
KR7294870001,HDC HY ,HDC OP ,688,SOUTH KOREA
KR7000720003,HYUNDAI ENGINEERING ,HYUNDAI ENGR.& CON. ,689,SOUTH KOREA
KR7069960003,HYUNDAI DEPARTMENT ,HYUNDAI DEPARTMENT STORE ,690,SOUTH KOREA
KR7005380001,HYUNDAI MOTOR CO ,HYUNDAI MOTOR ,691,SOUTH KOREA
KR7009240003,HANSSEM CO. ,HANSSEM ,692,SOUTH KOREA
KR7086790003,HANA FINANCIAL GROUP ,HANA FINANCIAL GROUP ,693,SOUTH KOREA
KR7057050007,HYUNDAI HOME ,HYUNDAI HOME SHOP.NET. ,694,SOUTH KOREA
KR7097230007,HJSC ,HJ SHIPBUILDING & ,695,SOUTH KOREA
KR7000240002,HANKOOK TECH ,HANKOOK & COMPANY ,696,SOUTH KOREA
KR7008560005,MERITZ SECURITIES CO ,MERITZ SECS. ,697,SOUTH KOREA
KR7011200003,HMM CO LTD ,HMM ,698,SOUTH KOREA
KR7020000006,HANDSOME ,HANDSOME ,699,SOUTH KOREA
KR7010620003,HD HYUNDAI MIPO ,HD HYUNDAI MIPO ,700,SOUTH KOREA
KR7008930000,HANMI SCIENCE CO ,HANMI SCIENCE ,701,SOUTH KOREA
KR7001450006,HYUNDAI M & F INS. ,HYUNDAI MARINE & FIRE ,702,SOUTH KOREA
KR7011170008,LOTTE CHEMICAL CORP ,LOTTE CHEMICAL ,703,SOUTH KOREA
KR7128940004,HANMI PHARMACEUTICAL ,HANMI PHARM ,704,SOUTH KOREA
KR7009540006,HD KOREA SHIP ,HD KOA.SHIPBLDG.& OFFS. ,705,SOUTH KOREA
KR7009830001,HANWHA SOLUTIONS ,HANWHA SOLUTIONS ,706,SOUTH KOREA
KR7012630000,HDC HOLDINGS CO LTD ,HDC HOLDINGS ,707,SOUTH KOREA
KR7000660001,SK HYNIX INC ,SK HYNIX ,708,SOUTH KOREA
KR7024110009,IND BANK OF KOREA ,INDUSTRIAL BANK OF KOREA ,709,SOUTH KOREA
KR7004020004,HYUNDAI STEEL CO ,HYUNDAI STEEL ,710,SOUTH KOREA
KR7214320004,INNOCEAN WORLD ,INNOCEAN WORLDWIDE ,711,SOUTH KOREA
KR7175330000,JB FINANCIAL GROUP ,JB FINANCIAL ,712,SOUTH KOREA
KR7000080002,HITEJINRO CO LTD ,HITEJINRO ,713,SOUTH KOREA
KR7066570003,LG ELECTRONICS INC ,LG ELECTRONICS ,714,SOUTH KOREA
KR7215600008,SILLAJEN INC ,SILLAJEN ,715,SOUTH KOREA
KR7054950001,JVM CO LTD ,JVM ,716,SOUTH KOREA
KR7003490000,KOREAN AIR LINES CO ,KOREAN AIR LINES ,717,SOUTH KOREA
KR7005830005,DB INSURANCE CO LTD ,DB INSURANCE ,718,SOUTH KOREA
KR7000270009,KIA CORP ,KIA CORPORATION ,719,SOUTH KOREA
KR7015760002,KOREA ELECTRIC POWER ,KOREA ELECTRIC POWER ,720,SOUTH KOREA
KR7004000006,LOTTE FINE CHEMICAL ,LOTTE FINE CHEMICAL ,721,SOUTH KOREA
KR7105560007,KB FINANCIAL GROUP ,KB FINANCIAL GROUP ,722,SOUTH KOREA
KR7034020008,DOOSAN ENERBILITY ,DOOSAN ENERBILITY ,723,SOUTH KOREA
KR7002380004,KCC CORP ,KCC ,724,SOUTH KOREA
KR7011780004,KUMHO PETRO ,KUMHO PETRO CHEMICAL ,725,SOUTH KOREA
KR7088350004,HANWHA LIFE INS ,HANWHA LIFE INSURANCE ,726,SOUTH KOREA
KR7032500001,KMW CO LTD ,KMW ,727,SOUTH KOREA
KR7003690005,KOREAN REINSURANCE ,KOREAN REINSURANCE ,728,SOUTH KOREA
KR7051600005,KEPCO PLANT ,KEPCO PLANT SER.& ENGR. ,729,SOUTH KOREA
KR7028300002,HLB INC ,HLB ,730,SOUTH KOREA
KR7000880005,HANWHA CORP ,HANWHA ,731,SOUTH KOREA
KR7036460004,KOREAGASCORP ,KOREA GAS ,732,SOUTH KOREA
KR7000120006,CJ LOGISTICS CORP ,CJ LOGISTICS ,733,SOUTH KOREA
KR7010130003,KOREA ZINC INC ,KOREA ZINC ,734,SOUTH KOREA
KR7010060002,OCI HOLDINGS ,OCI HOLDINGS COMPANY ,735,SOUTH KOREA
KR7033780008,KT & G CORP ,KT & G ,736,SOUTH KOREA
KR7030200000,KT CORP ,KT ,737,SOUTH KOREA
KR7035250000,KANGWON LAND INC ,KANGWON LAND ,738,SOUTH KOREA
KR7005300009,LOTTE CHILSUNG BEVER ,LOTTE CHILSUNG ,739,SOUTH KOREA
KR7051910008,LG CHEM LTD ,LG CHEM ,740,SOUTH KOREA
KR7006360002,GS ENGINEERING ,GS ENGR. & CON. ,741,SOUTH KOREA
KR7003550001,LG CORP ,LG ,742,SOUTH KOREA
KR7093050003,LF CORP ,LF ,743,SOUTH KOREA
KR7032640005,LG UPLUS CORP ,LG UPLUS ,744,SOUTH KOREA
KR7034220004,"LG DISPLAY CO., LTD. ",LG DISPLAY ,745,SOUTH KOREA
KR7011070000,LG INNOTEK CO ,LG INNOTEK ,746,SOUTH KOREA
KR7051900009,LG H&H CO LTD ,LG H & H ,747,SOUTH KOREA
KR7028150001,GS HOME SHOPPING INC ,GS HOME SHOPPING ,748,SOUTH KOREA
KR7285130001,SK CHEMICALS CO LTD ,SK CHEMICALS ,749,SOUTH KOREA
KR7004990008,LOTTE CORP ,LOTTE ,750,SOUTH KOREA
KR7023530009,LOTTE SHOPPING ,LOTTE SHOPPING ,751,SOUTH KOREA
KR7005940002,NH INVESTMENT ,NH INVESTMENT & SECS. ,752,SOUTH KOREA
KR7068760008,CELLTRION PHARM INC ,CELLTRION PHARM ,753,SOUTH KOREA
KR7060980000,HL HOLDINGS CORP ,HL HOLDINGS ,754,SOUTH KOREA
KR7204320006,HL MANDO CORP ,HL MANDO ,755,SOUTH KOREA
KR7086900008,MEDYTOX INC ,MEDY-TOX ,756,SOUTH KOREA
KR7036570000,NCSOFT CORP ,NCSOFT ,757,SOUTH KOREA
KR7035420009,NAVER CORP ,NAVER ,758,SOUTH KOREA
KR7004370003,"NONGSHIM CO., LTD. ",NONGSHIM ,759,SOUTH KOREA
KR7251270005,NETMARBLE CORP ,NETMARBLE ,760,SOUTH KOREA
KR7000060004,MERITZ FIRE & MARINE ,MERITZ FIRE & MAR.IN. ,761,SOUTH KOREA
KR7271560005,ORION ,ORION ,762,SOUTH KOREA
KR7047050000,POSCO INTERNATIONAL ,POSCO INTERNATIONAL ,763,SOUTH KOREA
KR7000150003,DOOSAN CORP ,DOOSAN FUEL CELL ,764,SOUTH KOREA
KR7161390000,HANKOOK ,HANKOOK TIRE & ,765,SOUTH KOREA
KR7068270008,"CELLTRION, INC. ",CELLTRION ,766,SOUTH KOREA
KR7042660001,HANWHA OCEAN CO LTD ,HANWHA OCEAN ,767,SOUTH KOREA
KR7007310006,OTOKI ,OTTOGI ,768,SOUTH KOREA
KR7034230003,PARADISE COMPANY ,PARADISE ,769,SOUTH KOREA
KR7002790004,AMOREPACIFIC HOLDINGS ,AMOREPACIFIC GROUP ,770,SOUTH KOREA
KR7005490008,POSCO HOLDINGS INC ,POSCO HOLDINGS ,771,SOUTH KOREA
KR7003670007,POSCO FUTURE ,POSCO FUTURE M ,772,SOUTH KOREA
KR7267250009,HD HYUNDAI CO LTD ,HD HYUNDAI ,773,SOUTH KOREA
KR7096770003,SK ENERGY ,SK INNOVATION ,774,SOUTH KOREA
KR7012750006,S-1 CORP,S-1 ,775,SOUTH KOREA
KR7006400006,SAMSUNG SDI CO LTD ,SAMSUNG SDI ,776,SOUTH KOREA
KR7009150004,SAMSUNG ELECTRO-MECH,SAMSUNG ELTO.MECHANICS ,777,SOUTH KOREA
KR7056190002,SFA ENGINEERING ,SFA ENGINEERING ,778,SOUTH KOREA
KR7032830002,SAMSUNG LIFE ,SAMSUNG LIFE INSURANCE ,779,SOUTH KOREA
KR7012450003,HANWHA AEROSP ,HANWHA AEROSPACE ,780,SOUTH KOREA
KR7004170007,SHINSEGAE ,SHINSEGAE ,781,SOUTH KOREA
KR7028050003,SAMSUNG E&A CO ,SAMSUNG E&A ,782,SOUTH KOREA
KR7001740000,SK NETWORKS CO ,SK NETWORKS ,783,SOUTH KOREA
KR7005930003,SAMSUNG ELECTRONICS ,SAMSUNG ELECTRONICS ,784,SOUTH KOREA
KR7055550008,SHINHAN FINANCIAL GR ,SHINHAN FINL.GROUP ,785,SOUTH KOREA
KR7008770000,HOTEL SHILLA CO. ,HOTEL SHILLA ,786,SOUTH KOREA
KR7011790003,"SKC CO., LTD. ",SKC ,787,SOUTH KOREA
KR7017670001,SK TELECOM CO LTD ,SK TELECOM ,788,SOUTH KOREA
KR7010140002,SAMSUNG HEAVY IND ,SAMSUNG HEAVY INDS. ,789,SOUTH KOREA
KR7035760008,CJ ENM CO LTD ,CJ ENM ,790,SOUTH KOREA
KR7019170000,SHIN POONG PHARM. ,SHIN POONG PHARM. ,791,SOUTH KOREA
KR7028670008,PAN OCEAN CO ,PANOCEAN ,792,SOUTH KOREA
KR7029780004,SAMSUNG CARD CO LTD ,SAMSUNG CARD ,793,SOUTH KOREA
KR7010950004,S-OIL CORP,S-OIL ,794,SOUTH KOREA
KR7016360000,SAMSUNG SECURITIES ,SAMSUNG SECURITIES ,795,SOUTH KOREA
KR7046890000,SEOUL SEMICONDUCTOR ,SEOUL SEMICONDUCTOR ,796,SOUTH KOREA
KR7018260000,SAMSUNG SDS CO LTD ,SAMSUNG SDS ,797,SOUTH KOREA
KR7084990001,HELIXMITH CO LTD ,HELIXMITH ,798,SOUTH KOREA
KR7316140003,WOORI FINA ,WOORI FINANCIAL GROUP ,799,SOUTH KOREA
KR7021240007,COWAY CO ,COWAY ,800,SOUTH KOREA
KR7047040001,DAEWOO ENGINEERING ,DAEWOO ENGR.& CON. ,801,SOUTH KOREA
KR7000100008,YUHAN CORP ,YUHAN ,802,SOUTH KOREA
KR7111770004,YOUNGONE CORP ,YOUNGONE ,803,SOUTH KOREA
KR7263750002,PEARLABYSS CORP ,PEARLABYSS ,804,SOUTH KOREA
KR7138930003,BNK FINANCIAL ,BNK FINANCIAL GROUP ,805,SOUTH KOREA
KR7047810007,KOREA AEROSPACE ,KOREA AEROSPACE INDS. ,806,SOUTH KOREA
KR7139130009,DGB FINANCIAL ,IM FINANCIAL GROUP ,807,SOUTH KOREA
KR7181710005,NHN CORP ,NHN ,808,SOUTH KOREA
KR7071840003,LOTTE HIMART CO LTD ,LOTTE HIMART ,809,SOUTH KOREA
MYL6399OO009,ASTRO MALAYSIA ,ASTRO MALAYSIA HOLDINGS ,810,MALAYSIA
MYL5657OO001,PARKSON HOLDINGS ,PARKSON HOLDINGS ,811,MALAYSIA
MYL1015OO006,AMMB HOLDINGS BERHAD ,AMMB HOLDINGS ,812,MALAYSIA
MYL5210OO009,BUMI ARMADA BHD ,BUMI ARMADA ,813,MALAYSIA
MYL2291OO002,GENTING PLANTATIONS ,GENTING PLANTATIONS ,814,MALAYSIA
MYL5099OO006,CAPITAL A BERHAD ,CAPITAL A ,815,MALAYSIA
MYL5248OO009,BERMAZ AUTO BHD ,BERMAZ AUTO ,816,MALAYSIA
MYL3395OO000,BERJAYA CORP ,BERJAYA CORPORATION ,817,MALAYSIA
MYL1562OO007,SPORTS TOTO BHD ,SPORTS TOTO ,818,MALAYSIA
MYL1818OO003,BURSA MALAYSIA BHD ,BURSA MALAYSIA ,819,MALAYSIA
MYL2836OO004,CARLSBERG BREWERY ,CARLSBERG BREWERY MAL. ,820,MALAYSIA
MYL1023OO000,CIMB GROUP HOLDIN ,CIMB GROUP HOLDINGS ,821,MALAYSIA
MYL7277OO006,DIALOG GROUP BERHAD ,DIALOG GROUP ,822,MALAYSIA
MYL3034OO005,HAP SENG CONSOLIDATE ,HAP SENG CONSOLIDATED ,823,MALAYSIA
MYL5222OO004,FGV HOLDINGS BHD ,FGV HOLDINGS ,824,MALAYSIA
MYL5398OO002,GAMUDA BERHAD ,GAMUDA ,825,MALAYSIA
MYL3182OO002,GENTING BHD ,GENTING ,826,MALAYSIA
MYL5168OO009,HARTALEGA HOLDINGS ,HARTALEGA HOLDINGS ,827,MALAYSIA
MYL5819OO007,HONG LEONG BANK BHD ,HONG LEONG BANK ,828,MALAYSIA
MYL1082OO006,HONG LEONG FIN ,HONG LEONG FINL.GP. ,829,MALAYSIA
MYL5225OO007,IHH HEALTHCARE ,IHH HEALTHCARE ,830,MALAYSIA
MYL3336OO004,IJM CORPORATION BHD ,IJM CORPORATION ,831,MALAYSIA
MYL1961OO001,IOI CORPORATION BHD ,IOI CORPORATION ,832,MALAYSIA
MYL5249OO007,IOI PROPERTIES GROUP ,IOI PROPERTIES GROUP ,833,MALAYSIA
MYL2445OO004,KUALA LUMPUR KEPONG ,KUALA LUMPUR KEPONG ,834,MALAYSIA
MYL7153OO009,KOSSAN RUBBER ,KOSSAN RUBBER ,835,MALAYSIA
MYL3794OO004,MALAYAN CEMENT BHD ,MALAYAN CEMENT ,836,MALAYSIA
MYL5014OO005,MALAYSIA AIRPORTS ,MALAYSIA AIRPORTS HDG. ,837,MALAYSIA
MYL1155OO000,MALAYAN BANKING BHD ,MALAYAN BANKING ,838,MALAYSIA
MYL6012OO008,MAXIS BHD ,MAXIS ,839,MALAYSIA
MYL3816OO005,MISC BHD ,MISC BHD. ,840,MALAYSIA
MYL3689OO006,FRASER & NEAVE ,FRASER & NEAVE HOLDINGS ,841,MALAYSIA
MYL2194OO008,MMC CORPORATION BHD ,MMC CORPORATION ,842,MALAYSIA
MYL5186OO001,MALAYSIA MARINE ,MALAYSIA MAR.& HVY.ENGR. ,843,MALAYSIA
MYL4502OO000,MEDIA PRIMA BHD ,MEDIA PRIMA ,844,MALAYSIA
MYL6947OO005,CELCOMDIGI BHD ,CELCOMDIGI ,845,MALAYSIA
MYQ0138OO006,MY E.G. SERVICES BHD ,MY EG SERVICES ,846,MALAYSIA
MYL2488OO004,ALLIANCE BANK MALA ,ALLIANCE BANK MALAYSIA ,847,MALAYSIA
MYL4707OO005,NESTLE (MALAYSIA) ,NESTLE (MALAYSIA) ,848,MALAYSIA
MYL1295OO004,PUBLIC BANK BHD ,PUBLIC BANK ,849,MALAYSIA
MYL5183OO008,PETRONAS CHEMICALS ,PETRONAS CHEMICALS GP. ,850,MALAYSIA
MYL4065OO008,PPB GROUP BHD ,PPB GROUP ,851,MALAYSIA
MYL5681OO001,PETRONAS DAGANGAN ,PETRONAS DAGANGAN ,852,MALAYSIA
MYL6033OO004,PETRONAS GAS BERHAD ,PETRONAS GAS ,853,MALAYSIA
MYL8869OO009,PRESS METAL ALUM ,PRESS METAL ALUMINIUM ,854,MALAYSIA
MYL7084OO006,QL RESOURCES BHD ,QL RESOURCES ,855,MALAYSIA
MYL4715OO008,GENTING MALAYSIA BER ,GENTING MALAYSIA ,856,MALAYSIA
MYL1066OO009,RHB BANK BHD ,RHB BANK BHD ,857,MALAYSIA
MYL4162OO003,BRITISH AMERICAN ,BRIT.AMER.TOB.(MALAYSIA) ,858,MALAYSIA
MYL5218OO002,SAPURA ENERGY BHD ,SAPURA ENERGY ,859,MALAYSIA
MYL5285OO001,SD GUTHRIE BHD ,SD GUTHRIE ,860,MALAYSIA
MYL4197OO009,SIME DARBY BHD ,SIME DARBY ,861,MALAYSIA
MYL5288OO005,SIME DARBY ,SIME DARBY PROPERTY ,862,MALAYSIA
MYL8664OO004,S P SETIA BHD ,SP SETIA ,863,MALAYSIA
MYL5347OO009,TENAGA NASIONAL BHD ,TENAGA NASIONAL ,864,MALAYSIA
MYL4863OO006,TELEKOM MALAYSIA BHD ,TELEKOM MALAYSIA ,865,MALAYSIA
MYL6888OO001,AXIATA GROUP ,AXIATA GROUP ,866,MALAYSIA
MYL7113OO003,TOP GLOVE CORP ,TOP GLOVE CORPORATION ,867,MALAYSIA
MYL5148OO001,UEM SUNRISE ,UEM SUNRISE ,868,MALAYSIA
MYL4588OO009,UMW HOLDINGS BERHAD ,UMW HOLDINGS ,869,MALAYSIA
MYL7106OO007,SUPERMAX CORP BHD ,SUPERMAX CORPORATION ,870,MALAYSIA
MYL5246OO003,WESTPORTS HOLD ,WESTPORTS HOLDINGS ,871,MALAYSIA
MYL4677OO000,YTL CORPORATION BHD ,YTL CORPORATION ,872,MALAYSIA
MYL6742OO000,YTL POWER INT'L BHD ,YTL POWER INTERNATIONAL ,873,MALAYSIA
PHY0486V1154,AYALA CORP ,AYALA ,874,PHILIPPINES
PHY003341054,ALLIANCE GLOBAL ,ALLIANCE GLOBAL GP. ,875,PHILIPPINES
PHY0488F1004,"AYALA LAND, INC. ",AYALA LAND ,876,PHILIPPINES
PHY0005M1090,ABOITIZ POWER CORP ,ABOITIZ POWER ,877,PHILIPPINES
PHY0001Z1040,ABOITIZ EQUITY ,ABOITIZ EQUITY VENT. ,878,PHILIPPINES
PHY077751022,BDO UNIBANK ,BDO UNIBANK ,879,PHILIPPINES
PHY0967S1694,BANK OF THE PHIL. ,BANK OF THE PHILP.ISLE. ,880,PHILIPPINES
PHY2088F1004,DMCI HOLDINGS ,DMCI HOLDINGS ,881,PHILIPPINES
PHY272571498,GLOBE TELECOM INC. ,GLOBE TELECOM ,882,PHILIPPINES
PHY290451046,GT CAPITAL ,GT CAPITAL HOLDINGS ,883,PHILIPPINES
PHY411571011,INT'L CONTAINER ,INTL.CTNR.TERM.SVS. ,884,PHILIPPINES
PHY4466S1007,JOLLIBEE FOODS CORP ,JOLLIBEE FOODS ,885,PHILIPPINES
PHY444251177,"JG SUMMIT HLDGS, INC ",JG SUMMIT HOLDINGS 1 B ,886,PHILIPPINES
PHY594811127,MEGAWORLD CORP ,MEGAWORLD ,887,PHILIPPINES
PHY603051020,METRO PACIFIC INVEST ,METRO PACIFIC INVS. ,888,PHILIPPINES
PHY5764J1483,MANILA ELECTRIC CO. ,MANILA ELECTRIC ,889,PHILIPPINES
PHY6028G1361,METROPOLITAN BANK ,METROPOLITAN BANK AND ,890,PHILIPPINES
PHY569991086,MANILA WATER CO ,MANILA WATER ,891,PHILIPPINES
PHY7072Q1032,PLDT INC ,PLDT ,892,PHILIPPINES
PHY716171079,PUREGOLD PRIC ,PUREGOLD PRICE CLUB ,893,PHILIPPINES
PHY731961264,ROBINSONS LAND CORP ,ROBINSONS LAND ,894,PHILIPPINES
PHY7571C1000,SECURITY BANK ,SECURITY BANK ,895,PHILIPPINES
PHY751061151,SAN MIGUEL CORP ,SAN MIGUEL ,896,PHILIPPINES
PHY8076N1120,SM PRIME HOLDINGS ,SM PRIME HOLDINGS ,897,PHILIPPINES
PHY806761029,SM INVESTMENTS CORP ,SM INVESTMENTS ,898,PHILIPPINES
PHY9297P1004,UNIVERSAL ROBINA ,UNIVERSAL ROBINA ,899,PHILIPPINES
TH3437010004,ASIA AVIATION PCL ,ASIA AVIATION ,900,THAILAND
TH8906010005,ABSOLUTE CLEAN ,ABSOLUTE CLEAN ENERGY ,901,THAILAND
TH0765010Z08,AIRPORTS OF THAILAND ,AIRPORTS OF THAILAND ,902,THAILAND
TH0268010Z03,ADV INFO SERVICE PCL ,ADVANCED INFO SER. ,903,THAILAND
TH0120010Y07,ERAWAN GROUP PCL ,ERAWAN GROUP ,904,THAILAND
TH9436010002,ASSET WORLD CORP PCL ,ASSET WORLD ,905,THAILAND
TH0664010Z03,AEON THANA SINSAP ,AE.THANA SINSAP (THAI.) ,906,THAILAND
TH7462010003,BANPU POWER PCL ,BANPU POWER ,907,THAILAND
TH0023010000,BANK OF AYUDHYA PCL ,BANK OF AYUDHYA ,908,THAILAND
TH0001010006,BANGKOK BANK LIMITED ,BANGKOK BANK ,909,THAILAND
TH9479010000,BANGKOK COMMERCIAL ,BANGKOK COMMERCIAL ASSET ,910,THAILAND
TH0808010Y07,BANGKOK CHAIN HOSP ,BANGKOK CHAIN HOSPITAL ,911,THAILAND
TH7411010005,BCPG PCL ,BCPG ,912,THAILAND
TH0420010Y01,BANGCHAK CORPORATIO ,BANGCHAK CORPORATION ORS ,913,THAILAND
TH0264A10Z04,BANGKOK DUSIT PCL ,BANGKOK DUSIT MED.SVS. ,914,THAILAND
TH0592010Z06,BEC WORLD PCL ,BEC WORLD ,915,THAILAND
TH6999010007,BANGKOK EXPRESSWAY ,BANGKOK EXPRESSWAY AND ,916,THAILAND
TH7545010004,BGRIMM POWER PCL ,B GRIMM POWER ,917,THAILAND
TH0168A10Z01,BUMRUNGRAD HOSPITAL ,BUMRUNGRAD HOSPITAL ,918,THAILAND
TH0002010Z06,BERLI JUCKER PCL ,BERLI JUCKER ,919,THAILAND
TH0148A10Z06,BANPU PCL ,BANPU ,920,THAILAND
TH6066010005,CARABAO GROUP PCL ,CARABAO GROUP ,921,THAILAND
TH0176B10Z00,CENTRAL PLAZA HOTEL ,CENTRAL PLAZA HOTEL ,922,THAILAND
TH4539010Z03,CHULARAT HOS ,CHULARAT HOSPITAL ,923,THAILAND
TH0671010Z08,MAJOR CINEPLEX GROUP ,MAJOR CINEPLEX GROUP ,924,THAILAND
TH4536010Z09,CK POWER PCL ,CK POWER ,925,THAILAND
TH0101A10Z01,,CHAROEN POKPHAND FOODS ,926,THAILAND
TH0481B10Z00,CENTRAL PATTANA PCL ,CENTRAL PATTANA ,927,THAILAND
TH0737010Y08,CP ALL PCL ,CP ALL ,928,THAILAND
TH9597010007,CENTRAL RETA ,CENTRAL RETAIL ,929,THAILAND
TH9301010004,DOHOME PCL ,DOHOME ,931,THAILAND
TH0465010005,ELECTRICITY GENERAT ,ELECTRICITY GENERATING ,932,THAILAND
TH3545010003,ENERGY ABSOLUTE PCL ,ENERGY ABSOLUTE ,933,THAILAND
TH6128010001,EASTERN POLYMER ,EASTERN POLYMER GROUP ,934,THAILAND
TH0975010008,BANGCHAK SRIRACHA ,BANGCHAK SRIRACHA ,935,THAILAND
TH0297010Z02,GFPT PCL ,GFPT ,936,THAILAND
TH6488010005,GLOBAL POWER ,GLOBAL POWER SYNERGY ,937,THAILAND
TH1041010Z03,GUNKUL ENGIN ,GUNKUL ENGINEERING ,938,THAILAND
TH8319010Z06,GULF ENERGY DEVEL ,GULF ENERGY DEVELOPMENT ,939,THAILAND
TH0324B10Z01,HANA MICROELECTRONIC ,HANA MICROELECTRONICS ,940,THAILAND
TH0661010007,HOME PRODUCT CENTER ,HOME PRODUCT CENTER ,941,THAILAND
TH1027010004,INDORAMA VENTURES ,INDORAMA VENTURES ,942,THAILAND
TH0418G10Z03,JASMINE INT'L PCL ,JASMINE INTERNATIONAL ,943,THAILAND
TH3925010Z05,JMT NETWORK ,JMT NETWORK SERVICES ,944,THAILAND
TH0530010Z06,CH. KARNCHANG PUBLIC ,CH KARNCHANG ,945,THAILAND
TH0122C10Z04,KCE ELECTRONICS ,KCE ELECTRONICS ,946,THAILAND
TH0121010001,KIATNAKIN BANK ,KIATNAKIN PHATRA BANK ,947,THAILAND
TH0689010Z00,KRUNGTHAI CARD ,KRUNGTHAI CARD ,948,THAILAND
TH0150010Z03,KRUNG THAI BANK PCL ,KRUNG THAI BANK ,949,THAILAND
TH0143010Z08,LAND AND HOUSES ,LAND AND HOUSES ,950,THAILAND
TH0429010Z01,CP AXTRA PCL ,CP AXTRA ,951,THAILAND
TH4984010009,MEGA LIFESCIENCES ,MEGA LIFESCIENCES ,952,THAILAND
TH6068010Y02,MUANGTHAI CAPITAL ,MUANGTHAI CAPITAL ORS ,953,THAILAND
TH0083B10Z02,THANACHART CAPITAL ,THANACHART CAPITAL ,954,THAILAND
TH6789010001,ORIGIN PROP ,ORIGIN PROPERTY ,955,THAILAND
TH8752010000,OSOTSPA PCL ,OSOTSPA ,956,THAILAND
TH0617A10Z08,AMATA CORPORATION ,AMATA ,957,THAILAND
TH0308010Y08,AP THAILAND PCL ,AP (THAILAND) ,958,THAILAND
TH6253010008,PLAN B MEDIA PCL ,PLAN B MEDIA ,959,THAILAND
TH7595010003,PRUKSA HOLDING ,PRUKSA HOLDING ,960,THAILAND
TH4547010009,PTG ENERGY PCL ,PTG ENERGY ,961,THAILAND
TH0646010Z00,PTT PCL ,PTT ,962,THAILAND
TH0355A10Z04,PTT EXPLORATION ,PTT EXPLORATION & PRDN. ,963,THAILAND
TH1074010006,PTT GLOBAL CHE ,PTT GLOBAL CHEMICAL ,964,THAILAND
TH0256A10Z04,QUALITY HOUSES PCL ,QUALITY HOUSES ,965,THAILAND
TH0637010Y00,RATCH GROUP PCL ,RATCH GROUP PCL ,966,THAILAND
TH9451010002,R&B FOOD SUPP ,R & B FOOD SUPPLY ,967,THAILAND
TH0128B10Z09,MINOR INTERNATIONAL ,MINOR INTERNATIONAL ,968,THAILAND
TH0697010Z03,RATCHTHANI LEASING ,RATCHTHANI LEASING ,969,THAILAND
TH0577C10Z04,SANSIRI ,SANSIRI ,971,THAILAND
TH0015010000,SIAM COMMERCIAL ,SIAM COMMERCIAL BANK ,972,THAILAND
TH0003010Z04,SIAM CEMENT PCL ,SIAM CEMENT ,973,THAILAND
TH0991010008,SIAM GLOBAL ,SIAM GLOBAL HOUSE ,974,THAILAND
TH0201A10Y01,INTOUCH HOLDINGS PCL ,INTOUCH HOLDINGS ,975,THAILAND
TH0371010Z05,SUPALAI PUBLIC CO ,SUPALAI ,976,THAILAND
TH0833010Y05,SUPER ENERGY ,SUPER ENERGY CORPORATION ,977,THAILAND
TH6838010002,STAR PETROL ,STAR PTL.REFN. ,978,THAILAND
TH9829010Z03,SRI TRANG GLOVES ,SRI TRANG GLOVES (THAILAND) ,979,THAILAND
TH0254A10Z06,SRI TRANG AGRO-INDUS,SRI TRANG AGRO-INDUSTRY ,980,THAILAND
TH0307010Z09,SINO THAI ENG ,SINO-THAI ENGR.CON. ,981,THAILAND
TH5456010Y00,SRISAWAD CORP ,SRISAWAD CORPORATION ,982,THAILAND
TH0554010Z06,TOTAL ACCESS ,TOTAL ACCESS COMMS. ,983,THAILAND
TH0245010002,THAI AIRWAYS INT'L ,THAI AIRWAYS INTL. ,984,THAILAND
TH0221B10Z05,BTS GROUP HOLDINGS ,BTS GROUP HDG. ,985,THAILAND
TH6927010004,TAOKAENOI FOOD ,TAOKAENOI FOOD & MKTG. ,986,THAILAND
TH0961010Y04,TTW PCL ,THAI TAP WATER SUPPLY ,987,THAILAND
TH0016010009,KASIKORNBANK PLC ,KASIKORNBANK ,988,THAILAND
TH0796010005,THAI OIL PCL ,THAI OIL ,989,THAILAND
TH0219010Z06,TIPCO ASPHALT PCL ,TIPCO ASPHALT ,990,THAILAND
TH0999010Z03,TISCO FINANCIAL ,TISCO FINANCIAL GROUP ,991,THAILAND
TH0068010Z07,TMB BANK PCL ,TMBTHANACHART BANK ,992,THAILAND
TH8193010007,TOA PAINT THAILAN ,TOA PAINT THAILAND ,993,THAILAND
TH0471010Y04,IRPC PCL ,IRPC ,994,THAILAND
TH7534010007,TPI POLENE POWER PCL ,TPI POLENE POWER ,995,THAILAND
TH0375010Z06,TRUE CORP PCL ,TRUE CORPORATION ,997,THAILAND
TH0450010Y08,THAI UNION GROUP ,THAI UNION GROUP ,998,THAILAND
TH0209010Z07,THAI VEGETABLE OIL ,THAI VEGETABLE OIL ,999,THAILAND
TH3740010Y09,VGI PC ,VGI ,1000,THAILAND
TH3871010Z01,WHA CORPORATION ,WHA ,1001,THAILAND
TH7846010Z09,WHA UTILITIES AND ,WHA UTILITIES AND POWER ,1002,THAILAND
SG1BA1000003,AEM HOLDINGS LTD ,AEM HOLDINGS ,1003,SINGAPORE
SG1M77906915,CAPITALAND ASCENDAS ,CAPITALAND ASCENDAS REIT ,1004,SINGAPORE
SG1V35936920,CAPITALAND ,CAPITALAND INDIA UNITS ,1005,SINGAPORE
SG1M49904634,THOMSON MEDICAL ,THOMSON MEDICAL GROUP ,1006,SINGAPORE
SG1T88932077,BUKIT SEMBAWANG ,BUKIT SEMBAWANG ESTS. ,1008,SINGAPORE
SG2E67980267,BUMITAMA AGRI LTD ,BUMITAMA AGRI ,1009,INDONESIA
SG1T70931228,ESR-REIT,ESR-LOGOS REAL ESTATE INVESTMENT TRUST ,1010,SINGAPORE
SG1M51904654,CAPITALAND IN ,CAPITALAND INTEG. COML. ,1011,SINGAPORE
SG1T66931158,CDL HOSPITALITY ,CDL HOSPITALITY TRUSTS ,1012,SINGAPORE
SG1T06929205,CHINA AVIATION OIL ,CHINA AVIATION OIL ,1013,SINGAPORE
SG1U48933923,KEPPEL INFRASTRUCTUR ,KEPPEL INFRA UNIT ,1014,SINGAPORE
SG1R89002252,CITY DEVELOPMENTS ,CITY DEVELOPMENTS ,1015,SINGAPORE
SG1N31909426,COMFORTDELGRO CORP ,COMFORTDELGRO ,1016,SINGAPORE
SG1S76928401,COSCO SHI ,COSCO SHIPPING INTERNATIONAL ,1017,SINGAPORE
SG1U25933169,CAPITALAND CHINA ,CAPITALAND CHINA TRUST ,1018,SINGAPORE
SG1G47869290,CSE GLOBAL LTD ,CSE GLOBAL ,1019,SINGAPORE
SG1B51001017,JARDINE CYCLE ,JARDINE CYC.& CARR. ,1020,SINGAPORE
SG1J27887962,CAPITALAND LIMITED ,CAPITALAND ,1021,SINGAPORE
SG1L01001701,DBS GROUP HOLDINGS ,DBS GROUP HOLDINGS ,1022,SINGAPORE
SG1T56930848,WILMAR INTERNATIONAL ,WILMAR INTL. ,1023,SINGAPORE
SG1R95002270,GUOCOLAND LTD ,GUOCOLAND ,1024,SINGAPORE
SG2F08984575,FAR EAST HOSPITALITY ,FAR EAST HOSPITALITY TRUST REIT ,1025,SINGAPORE
SG1T58930911,FRASER & NEAVE LTD ,FRASER AND NEAVE ,1026,SINGAPORE
SG2G52000004,FRASERS PROPERTY LTD ,FRASERS PROPERTY ,1027,SINGAPORE
SG1T60930966,FRASERS CENTRE ,FRASERS CENTREPOINT TST. ,1028,SINGAPORE
SG1AA5000001,FRASERS HOSPITALITY ,FRASERS HOSPITALITY STAPLED UNITS ,1029,SINGAPORE
SG1W35938974,FIRST RESOURCES ,FIRST RESOURCES ,1030,SINGAPORE
KYG3488W1078,FIRST SPONSOR ,FIRST SPONSOR GROUP ,1031,SINGAPORE
SG1I55882803,GREAT EASTERN HLDGS ,GREAT EASTERN HDG. ,1032,SINGAPORE
SGXE21576413,GENTING SINGAPORE ,GENTING SINGAPORE ,1033,SINGAPORE
MU0117U00026,GOLDEN ,GOLDEN AGRI-RESOURCES ,1034,SINGAPORE
SG1H41875896,HO BEE LAND LTD ,HO BEE LAND ,1035,SINGAPORE
SG1D25001158,HAW PAR CORPORATION ,HAW PAR CORPORATION ,1036,SINGAPORE
SG2P14002527,HOTEL PROPERTIES LTD ,HOTEL PROPERTIES ,1037,SINGAPORE
SG1AB9000005,JAPFA LTD ,JAPFA ,1038,SINGAPORE
SG1AF6000009,KEPPEL DC REIT ,KEPPEL DC REIT UNT ,1040,SINGAPORE
SG1U68934629,KEPPEL LTD ,KEPPEL ,1041,SINGAPORE
SG1J21887414,UOB-KAY HIAN,UOB-KAY HIAN HDG. ,1042,SINGAPORE
SG1T22929874,KEPPEL REIT ,KEPPEL REIT ,1043,SINGAPORE
SG2C32962814,MAPLETREE INDUSTRIAL ,MAPLETREE INDUSTIAL TST. ,1044,SINGAPORE
SG2F55990442,MAPLETREE NORTH ,MAPLETREE NORTH ASIA ,1045,SINGAPORE
SG2D63974620,AIMS APAC REIT ,AIMS APAC REIT ,1046,SINGAPORE
SG1S03926213,MAPLETREE LOGI ,MAPLETREE LOGIST.TRUST ,1047,SINGAPORE
SG2D18969584,MAPLETREE COM ,MAPLETREE PAN ASIA ,1048,SINGAPORE
SG1DH9000006,NETLINK NBN TRUST ,NETLINK ,1049,SINGAPORE
BMG6542T1505,NOBLE GROUP DEAD ,NOBLE GROUP ,1050,HONG KONG
SG1S04926220,OVERSEA-CHINESE,OVERSEA-CHINESE BKG. ,1051,SINGAPORE
SG2G60000004,OUE REAL ESTATE ,OUE REAL ESTATE INVESTMENT TRUST ,1052,SINGAPORE
SG1Q75923504,OLAM INTERNATION ,OLAM INTERNATIONAL ,1053,SINGAPORE
SG2B80958517,OUE LTD ,OUE ,1054,SINGAPORE
SG2F25986140,OXLEY HOLDINGS LTD ,OXLEY HOLDINGS ,1055,SINGAPORE
SG1Q25921608,DELFI LTD ,DELFI ,1056,SINGAPORE
SG1V52937132,PARKWAY LIFE REAL ,PARKWAY LIFE REIT ,1057,SINGAPORE
SG1S18926810,STARHILL GLOBAL REIT ,STARHILL GLOBAL REIT ,1058,SINGAPORE
SG1CH4000003,RAFFLES MEDICAL ,RAFFLES MEDICAL GP. ,1059,SINGAPORE
SG1U22933048,RIVERSTONE HLDGS ,RIVERSTONE HOLDINGS ,1060,SINGAPORE
SG1V61937297,SINGAPORE AIRLINES ,SINGAPORE AIRLINES ,1061,SINGAPORE
SG1ED2000000,SASSEUR REAL ,SASSEUR REIT UNITS ,1062,SINGAPORE
SG1I52882764,SATS LTD ,SATS ,1063,SINGAPORE
SG1R50925390,SEMBCORP INDUSTRIES ,SEMBCORP INDUSTRIES ,1064,SINGAPORE
SG1P66918738,SINGAPORE PRESS HLDG ,SINGAPORE PRESS HDG. ,1065,SINGAPORE
SG1I53882771,SIA ENGINEERING CO ,SIA ENGINEERING ,1066,SINGAPORE
SG1F58858209,SBS TRANSIT LTD ,SBS TRANSIT ,1067,SINGAPORE
SG1M04001939,HONG LEONG FINANCE ,HONG LEONG FINANCE ,1068,SINGAPORE
SG1N89910219,SINGAPORE POST LTD ,SINGAPORE POST ,1069,SINGAPORE
SG1J26887955,SINGAPORE EXCHANGE ,SINGAPORE EXCHANGE ,1070,SINGAPORE
SG2G02994595,PARAGON REIT ,PARAGON REIT ,1071,SINGAPORE
SG2D54973185,SHENG SIONG ,SHENG SIONG GROUP ,1072,SINGAPORE
SG1V12936232,STARHUB LTD ,STARHUB ,1073,SINGAPORE
SG1F60858221,SINGAPORE TECH ,SINGAPORE TECHS.ENGR. ,1074,SINGAPORE
SG1Q52922370,SUNTEC REAL ESTATE ,SUNTEC REIT UNITS ,1075,SINGAPORE
SG1T75931496,SINGAPORE TELECOM ,SINGAPORE TELECOM ,1076,SINGAPORE
TH0902010014,THAI BEVERAGE ,THAI BEVERAGE PUBLIC ,1077,THAILAND
SG1K37001643,SINGAPORE LAND ,SINGAPORE LAND GROUP ,1078,SINGAPORE
SG1S83002349,UOL GROUP LTD ,UOL GROUP ,1079,SINGAPORE
SG1M31001969,UNITED OVERSEAS BANK ,UNITED OVERSEAS BANK ,1080,SINGAPORE
SG0531000230,VENTURE CORP ,VENTURE CORPORATION ,1081,SINGAPORE
SG1K66001688,WING TAI HLDGS LTD ,WING TAI HOLDINGS ,1082,SINGAPORE
SG1T57930854,YANLORD LAND GRP ,YANLORD LAND GROUP ,1083,SINGAPORE
TW0002345006,ACCTON TECHNOLOGY ,ACCTON TECHNOLOGY ,1084,TAIWAN
TW0001102002,ASIA CEMENT ,ASIA CEMENT ,1085,TAIWAN
TW0002409000,AUO CORP ,AUO ,1086,TAIWAN
TW0002395001,ADVANTECH CO LTD ,ADVANTECH ,1087,TAIWAN
TW0003711008,ASE TECHNOLOGY ,ASE TECHNOLOGY HOLDING ,1088,TAIWAN
TW0002352002,QISDA CORP ,QISDA ,1089,TAIWAN
TW0003682001,ASIA PACIFIC TELE ,ASIA PACIFIC TELECOM ,1090,TAIWAN
TW0002353000,ACER INC ,ACER ,1091,TAIWAN
TW0005269005,ASMEDIA TECH ,ASMEDIA TECHNOLOGY ,1092,TAIWAN
TW0002357001,ASUSTEK COMPUTER INC ,ASUSTEK COMPUTER ,1093,TAIWAN
TW0002610003,CHINA AIRLINES LTD ,CHINA AIRLINES ,1094,TAIWAN
TW0006147002,CHIPBOND TECH CORP ,CHIPBOND TECH. ,1095,TAIWAN
TW0002392008,CHENG UEI PRECISION ,CHENG UEI PRECISION IND. ,1096,TAIWAN
TW0002882008,CATHAY FINANCIAL ,CATHAY FINL.HLDG. ,1097,TAIWAN
TW0002883006,KGI FINANCIAL ,KGI FINANCIAL HOLDING ,1098,TAIWAN
TW0002801008,CHANG HWA BANK ,CHANG HWA COML.BANK ,1099,TAIWAN
TW0002412004,CHUNGHWA TELECOM ,CHUNGHWA TELECOM ,1100,TAIWAN
TW0002891009,CTBC FINANCIAL HOLD ,CTBC FINL.HLDG. ,1101,TAIWAN
TW0002385002,CHICONY ELECTRONICS ,CHICONY ELECTRONICS ,1102,TAIWAN
TW0002362001,CLEVO CO ,CLEVO ,1103,TAIWAN
KYG202881093,CHAILEASE HOLDING ,CHAILEASE HOLDING ,1104,TAIWAN
TW0002360005,CHROMA ATE INC ,CHROMA ATE ,1105,TAIWAN
TW0002204005,CHINA MOTOR ,CHINA MOTOR ,1106,TAIWAN
TW0002323003,CMC MAGNETICS CORP ,CMC MAGNETICS ,1107,TAIWAN
TW0002823002,CHINA LIFE INSURAN ,CHINA LIFE INSURANCE ,1108,TAIWAN
TW0002324001,COMPAL ELECTRONIC ,COMPAL ELECTRONICS ,1109,TAIWAN
TW0001314003,CHINA PETROCHEMICAL ,CHINA PETROCHEMICAL DEV. ,1110,TAIWAN
TW0006005002,CAPITAL SECURITIES ,CAPITAL SECURITIES ,1111,TAIWAN
TW0002105004,CHENG SHIN RUBBER ,CHENG SHIN RUB.INDS. ,1112,TAIWAN
TW0002002003,CHINA STEEL CORP ,CHINA STEEL ,1113,TAIWAN
TW0002886009,MEGA FINANCIAL ,MEGA FINANCIAL HOLDING ,1114,TAIWAN
TW0002474004,CATCHER TECHNOLOGY ,CATCHER TECHNOLOGY ,1115,TAIWAN
TW0005371009,CORETRONIC CORP ,CORETRONIC ,1116,TAIWAN
TW0002308004,DELTA ELECTRONIC IND ,DELTA ELECTRONICS ,1117,TAIWAN
TW0002618006,EVA AIRWAYS CORP ,EVA AIRWAYS ,1118,TAIWAN
TW0001476000,ECLAT TEXTILE CO ,ECLAT TEXTILE ,1119,TAIWAN
TW0002607009,EVERGREEN INTL STOR ,EVRG.INTL.STRG.& TRAN. ,1120,TAIWAN
TW0002393006,EVERLIGHT ELECTRONIC ,EVERLIGHT ELECTRONICS ,1121,TAIWAN
TW0002383007,ELITE MATERIAL CO ,ELITE MATERIAL ,1122,TAIWAN
TW0002884004,E SUN FINANCIAL HLDG ,E SUN FINL.HLDG. ,1123,TAIWAN
TW0001717007,ETERNAL MATERIAL ,ETERNAL MATERIALS ,1124,TAIWAN
TW0002603008,EVERGREEN MARINE ,EVERGREEN MARINE ,1125,TAIWAN
TW0002903002,FAR EAST DEPT STORES ,FAR EASTERN DEPT.STRS. ,1126,TAIWAN
TW0004904008,FAR EASTONE TELECOM ,FAR EASTONE TELECOM. ,1127,TAIWAN
TW0002845005,FAR EASTERN INT'L BK ,FAR EASTERN INTL.BANK ,1128,TAIWAN
TW0009910000,FENG TAY ENTERPRIS ,FENG TAY ENTERPRISES ,1129,TAIWAN
TW0001402006,FAR EASTERN ,FAR EASTERN NEW CENTURY ,1130,TAIWAN
TW0002015005,FENG HSIN STEEL ,FENG HSIN STEEL ,1131,TAIWAN
TW0002892007,FIRST FINAN HLDG CO ,FIRST FINANCIAL HOLDING ,1132,TAIWAN
TW0002707007,FORMOSA INTL HOTELS ,FORMOSA INTL.HOTELS ,1133,TAIWAN
TW0002354008,FOXCONN TECHNOLOGY ,FOXCONN TECHNOLOGY ,1134,TAIWAN
TW0001326007,FORMOSA CHEMICALS ,FORMOSA CHEMS.& FIBRE ,1135,TAIWAN
TW0006505001,FORMOSA PETROCHE ,FORMOSA PETROCHEMICAL ,1136,TAIWAN
TW0001301000,FORMOSA PLASTIC ,FORMOSA PLASTICS ,1137,TAIWAN
TW0002885001,YUANTA FINANCIAL ,YUANTA FINANCIAL HDG. ,1138,TAIWAN
TW0001434009,FORMOSA TAFFETA CO ,FORMOSA TAFFETA ,1139,TAIWAN
TW0002881000,FUBON FINANCIAL ,FUBON FINL.HLDG. ,1140,TAIWAN
TW0009921007,GIANT MANUFACTURING ,GIANT MNFG. ,1141,TAIWAN
TW0006488000,GLOBALWAFERS CO LTD ,GLOBALWAFERS ,1142,TAIWAN
TW0006116007,HANNSTAR DISPLAY ,HANNSTAR DISPLAY ,1143,TAIWAN
TW0002498003,HTC CORPORATION ,HTC ,1144,TAIWAN
TW0002049004,HIWIN TECHNOLOGIES ,HIWIN TECHNOLOGIES ,1145,TAIWAN
TW0002880002,HUA NAN FINANCIAL ,HUA NAN FINANCIAL HDG. ,1146,TAIWAN
TW0002542008,HIGHWEALTH CONSTR ,HIGHWEALTH CONSTRUCTION ,1147,TAIWAN
TW0002317005,HOU HAI PRECISION ,HON HAI PRECN.IND. ,1148,TAIWAN
TW0002207008,HOTAI MOTOR COMPANY ,HOTAI MOTOR ,1149,TAIWAN
TW0003481008,INNOLUX CORP ,INNOLUX ,1150,TAIWAN
TW0002356003,INVENTEC CORP ,INVENTEC ,1151,TAIWAN
TW0009933002,CTCI CORP ,CTCI ,1152,TAIWAN
TW0003189007,KINSUS INTERCONNECT ,KINSUS INTCONN.TECH. ,1153,TAIWAN
TW0002449006,KING YUAN ELECTRONIC ,KING YUAN ELTN. ,1154,TAIWAN
TW0002301009,LITEON TECHNOLOGY ,LITE-ON TECHNOLOGY ,1155,TAIWAN
TW0003008009,LARGAN PRECISION ,LARGAN PRECISION ,1156,TAIWAN
TW0002337003,MACRONIX INT'L ,MACRONIX INTL. ,1157,TAIWAN
TW0002454006,MEDIATEK INC ,MEDIATEK ,1158,TAIWAN
TW0002439007,MERRY ELECTRONICS ,MERRY ELECTRONICS ,1159,TAIWAN
TW0009914002,MERIDA INDUSTRY CO ,MERIDA INDUSTRY ,1160,TAIWAN
TW0005522007,FARGLORY LAND ,FARGLORY LAND DEV. ,1161,TAIWAN
TW0006244007,MOTECH IND INC ,MOTECH INDUSTRIES ,1162,TAIWAN
TW0001477008,MAKALOT INDUSTRIAL ,MAKALOT INDUSTRIAL ,1163,TAIWAN
TW0002377009,MICRO-STAR INT'L,MICRO-STAR INTERNATIONAL ,1164,TAIWAN
TW0002101003,NAN KANG RUBBER TIRE ,NANKANG RUBBER TIRE ,1165,TAIWAN
TW0008464009,NIEN MADE ENTER ,NIEN MADE ENTERPRISE ,1166,TAIWAN
TW0003034005,NOVATEK MICROELECT ,NOVATEK MICROELS. ,1167,TAIWAN
TW0001303006,NAN YA PLASTIC ,NAN YA PLASTICS ,1168,TAIWAN
TW0002408002,NANYA TECHNOLOGY ,NANYA TECHNOLOGY ,1169,TAIWAN
TW0004174008,OBI PHARMA INC ,OBI PHARMA ,1170,TAIWAN
TW0001710002,ORIENTAL UNION CHEM ,ORIENTAL UNION CHM. ,1171,TAIWAN
TW0008046004,NAN YA PRINTED CIR ,NAN YA PRINTED CUB. ,1172,TAIWAN
TW0009904003,POU CHEN CORP ,POU CHEN ,1173,TAIWAN
TW0002912003,PRESIDENT CHAIN ,PRESIDENT CHAIN STORE ,1174,TAIWAN
TW0004938006,PEGATRON CORP ,PEGATRON ,1175,TAIWAN
TW0008299009,PHISON ELECTRONICS ,PHISON ELECTRONICS ,1176,TAIWAN
TW0003227005,PIXART IMAGING INC ,PIXART IMAGING ,1177,TAIWAN
TW0006239007,POWERTECH TECHNOLOGY ,POWERTECH TECHNOLOGY ,1178,TAIWAN
TW0001216000,UNI-PRESIDENT ENTERP,UNI-PRESIDENT ENTS. ,1179,TAIWAN
TW0008069006,E INK HOLDINGS INC ,E INK HOLDINGS ,1180,TAIWAN
TW0004915004,PRIMAX ELECTRONICS ,PRIMAX ELECTRONICS ,1181,TAIWAN
TW0002382009,QUANTA COMPUTER ,QUANTA COMPUTER ,1182,TAIWAN
TW0002379005,REALETK SEMICONDUCTR ,REALTEK SEMICON. ,1183,TAIWAN
TW0006176001,RADIANT OPTO ELECTR ,RADIANT OPTO-ELECTRONICS ,1184,TAIWAN
TW0009945006,RUENTEX DEVELOPMENT ,RUENTEX DEV. ,1185,TAIWAN
TW0002915006,RUENTEX INDUSTRIES ,RUENTEX INDUSTRIES ,1186,TAIWAN
TW0005483002,SINO-AMERICAN SILI,SINO-AMER.SILICON PRDS. ,1187,TAIWAN
TW0003023008,SINBON ELECTRONICS ,SINBON ELECTRONICS ,1188,TAIWAN
TW0002890001,SINOPAC FIN HLDGS ,SINOPAC FINL.HDG. ,1189,TAIWAN
TW0001227007,STANDARD FOODS CORP ,STANDARD FOODS ,1190,TAIWAN
KYG3808R1011,GENERAL INTERFAC ,GENERAL INFC.SLN.GIS ,1191,TAIWAN
TW0002888005,SHIN KONG FINANCIAL ,SHIN KONG FINL.HLDG. ,1192,TAIWAN
TW0006121007,SIMPLO TECHNOLOGY ,SIMPLO TECHNOLOGY ,1193,TAIWAN
TW0001789006,SCINOPHA ,SCINOPHARM TAIWAN ,1194,TAIWAN
TW0005876007,SHANGHAI COMMERC ,SHANGHAI COMMERCIAL ,1195,TAIWAN
TW0001565000,ST SHINE OPTICAL CO ,ST SHINE OPTICAL ,1196,TAIWAN
TW0002347002,SYNNEX TECHNOL INTL ,SYNNEX TECH.INTL. ,1197,TAIWAN
TW0003376000,SHIN ZU SHING CO ,SHIN ZU SHING ,1198,TAIWAN
TW0009917005,TAIWAN SECOM ,TAIWAN SECOM ,1199,TAIWAN
TW0002371002,TATUNG CO ,TATUNG ,1200,TAIWAN
TW0005880009,TAIWAN COOPERATIVE ,TAIWAN COOP.FINL.HLDG. ,1201,TAIWAN
TW0004147004,TAIMED BIOLOGICS INC ,TAIMED BIOLOGICS ,1202,TAIWAN
TW0003045001,TAIWAN MOBILE ,TAIWAN MOBILE ,1203,TAIWAN
TW0002451002,TRANSCEND INFORM ,TRANSCEND INFO. ,1204,TAIWAN
TW0001101004,TCC GROUP HOLD ,TAIWAN CEMENT ,1205,TAIWAN
TW0001504009,TECO ELECTRIC MA ,TECO ELEC.& MACHINERY ,1206,TAIWAN
TW0001802007,TAIWAN GLASS IND ,TAIWAN GLASS IND. ,1207,TAIWAN
TW0002006004,TUNG HO STEEL ENTERP ,TUNG HO STL.ENTER. ,1208,TAIWAN
TW0002633005,TAIWAN HIGH SPEED ,TAIWAN HIGH SPEED RAIL ,1209,TAIWAN
TW0002887007,TAISHIN FINANCIAL ,TAISHIN FINANCIAL HLDG. ,1210,TAIWAN
TW0001722007,TAIWAN FERTILIZER ,TAIWAN FERTILIZER ,1211,TAIWAN
TW0001440006,TAINAN SPINNING ,TAINAN SPINNING ,1212,TAIWAN
KYG898431096,TPK HOLDING CO LTD ,TPK HOLDING ,1213,TAIWAN
TW0003044004,TRIPOD TECHNOLOGY ,TRIPOD TECHNOLOGY ,1214,TAIWAN
TW0002330008,TAIWAN SEMI ,TAIWAN SEMICON.MNFG. ,1215,TAIWAN
TW0002103009,TSRC CORP ,TSRC ,1216,TAIWAN
TW0006274004,TAIWAN UNION TECH ,TAIWAN UNION TECHNOLOGY ,1217,TAIWAN
TW0002834009,TAIWAN BUSINESS ,TAIWAN BUSINESS BANK ,1218,TAIWAN
TW0008436007,TCI CO ,TCI ,1219,TAIWAN
TW0002606001,U-MING MARINE TRANSP,U-MING MARINE TRAN. ,1220,TAIWAN
TW0002303005,UNITED MICRO ELECTRO ,UNITED MICRO ELTN. ,1221,TAIWAN
TW0005347009,VANGUARD ,VANGD.INTL.SEMICON. ,1222,TAIWAN
TW0006409006,VOLTRONIC POWER ,VOLTRONIC POWER TECH. ,1223,TAIWAN
TW0001605004,WALSIN LIHWA CORP ,WALSIN LIHWA ,1224,TAIWAN
TW0002615002,WAN HAI LINES LTD. ,WAN HAI LINES ,1225,TAIWAN
TW0002344009,WINBOND ELECTRONIC ,WINBOND ELTN. ,1226,TAIWAN
TW0006669005,WIWYNN CORP ,WIWYNN CORPORATION ,1227,TAIWAN
TW0003702007,WPG HOLDINGS LIMITED ,WPG HOLDINGS ,1228,TAIWAN
TW0003105003,WIN SEMICONDUCTORS ,WIN SEMICONDUCTORS ,1229,TAIWAN
TW0003231007,WISTRON ,WISTRON ,1230,TAIWAN
TW0002492006,WALSIN TECHNOLOGY ,WALSIN TECHNOLOGY ,1231,TAIWAN
TW0003037008,UNIMICRON TECH ,UNIMICRON TECHNOLOGY ,1232,TAIWAN
TW0002327004,YAGEO CO ,YAGEO ,1233,TAIWAN
TW0002609005,YANGMING MARINE TRAN ,YANG MING MAR.TRAN. ,1234,TAIWAN
TW0003622007,YOUNG FAST ,YOUNG FAST OPEL. ,1235,TAIWAN
TW0002201001,YULON MOTOR ,YULON MOTOR ,1236,TAIWAN
